nom,nature,section,type_ecole,niveau,type_eleves,curriculum,langue,nationalite,municipalite,zone,quartier,frais,nb_eleves,latitude,longitude
مدرسة الرشاد النموذجية للبنين,publique,Ecoles publiques,مدرسة حكومية,ابتدائي,بنين,,,,بلدية الدوحه,30,دحيل,,,25.353927529421245,51.476669484237505
مدرسة الزبير بن العوام الابتدائية للبنين,publique,Ecoles publiques,مدرسة حكومية,خامس + سادس,بنين,,,,بلدية الدوحه,32,مدينة خليفة الشمالية,,,25.327114321979295,51.47451429999999
مدرسة طيبة الابتدائية للبنات,publique,Ecoles publiques,مدرسة حكومية,ابتدائي,بنين,,,,بلدية الدوحه,32,مدينة خليفة الشمالية,,,25.33124488694173,51.468228433532765
مدرسة المرخية الابتدائية للبنات,publique,Ecoles publiques,مدرسة حكومية,ابتدائي,بنات,,,,بلدية الدوحه,33,المرخية,,,25.332612281450185,51.49224937479823
مدرسة خليفة النموذجية للبنين,publique,Ecoles publiques,مدرسة حكومية,ابتدائي,بنين,,,,بلدية الدوحه,34,مدينة خليفة الجنوبية,,,25.30907705243062,51.47562643844733
مدرسة خولة بنت الازور الابتدائية للبنات,publique,Ecoles publiques,مدرسة حكومية,ابتدائي,بنات,,,,بلدية الدوحه,34,مدينة خليفة الجنوبية,,,25.3135567647649,51.4746855869903
مدرسة قطر الابتدائية للبنات,publique,Ecoles publiques,مدرسة حكومية,ابتدائي,بنات,,,,بلدية الدوحه,34,مدينة خليفة الجنوبية,,,25.31676506786315,51.48524890937995
مدرسة البيان الابتدائية الثانية للبنات,publique,Ecoles publiques,مدرسة حكومية,ابتدائي,بنات,,,,بلدية الدوحه,35,فريج كليب,,,25.312315664225817,51.48763904017125
مدرسة سمية الابتدائية للبنات,publique,Ecoles publiques,مدرسة حكومية,ابتدائي,بنات,,,,بلدية الدوحه,40,اسلطة الجديدة,,,25.266978939763927,51.51131130151025
مدرسة كمال ناجي النموذجية للبنين,publique,Ecoles publiques,مدرسة حكومية,ابتدائي,بنين,,,,بلدية الدوحه,40,اسلطة الجديدة,,,25.26482010444245,51.51117319991126
مدرسة موزة بنت محمد الابتدائية للبنات,publique,Ecoles publiques,مدرسة حكومية,ابتدائي,بنات,,,,بلدية الدوحه,42,الهلال,,,25.25716860712988,51.54415387266719
مدرسة خديجة الابتدائية للبنات,publique,Ecoles publiques,مدرسة حكومية,ابتدائي,بنات,,,,بلدية الدوحه,43,المعمورة 43,,,25.25275714235536,51.50185029999999
مدرسة أحمد بن راشد المريخي الابتدائية للبنين,publique,Ecoles publiques,مدرسة حكومية,خامس + سادس,بنين,,,,بلدية الدوحه,45,المطار العتيق,,,25.24656608946454,51.545382326158276
مدرسة ميمونة الابتدائية للبنات,publique,Ecoles publiques,مدرسة حكومية,ابتدائي,بنات,,,,بلدية الدوحه,45,المطار العتيق,,,25.253927724832725,51.540041257876844
مدرسة ابن الهيثم الابتدائية للبنين,publique,Ecoles publiques,مدرسة حكومية,خامس + سادس,بنين,,,,بلدية الدوحه,47,الثمامة 47,,,25.241027859428034,51.56184470112027
مدرسة الخنساء الابتدائية للبنات,publique,Ecoles publiques,مدرسة حكومية,ابتدائي,بنات,,,,بلدية الدوحه,47,الثمامة 47,,,25.24013522196695,51.56094200425413
مدرسة الوفاء النموذجية للبنين,publique,Ecoles publiques,مدرسة حكومية,ابتدائي,بنين,,,,بلدية الدوحه,47,الثمامة 47,,,25.23471954803516,51.54418427374557
مدرسة الثمامة الابتدائية للبنات,publique,Ecoles publiques,مدرسة حكومية,ابتدائي,بنات,,,,بلدية الدوحه,50,الثمامة 50,,,25.22265220853921,51.56827670336526
مدرسة الثمامة الابتدائية للبنين,publique,Ecoles publiques,مدرسة حكومية,خامس + سادس,بنين,,,,بلدية الدوحه,50,الثمامة 50,,,25.22041782098933,51.55235491925443
مدرسة أم القرى الابتدائية للبنين,publique,Ecoles publiques,مدرسة حكومية,ابتدائي,بنات,,,,بلدية الريان,51,بني هاجر,,,25.319948182281077,51.39958440586248
مدرسة الأندلس الابتدائية للبنات,publique,Ecoles publiques,مدرسة حكومية,ابتدائي,بنات,,,,بلدية الريان,51,الثميد,,,25.358611137093693,51.372567909013654
مدرسة الخوارزمي الابتدائية للبنات,publique,Ecoles publiques,مدرسة حكومية,ابتدائي,بنات,,,,بلدية الريان,51,الغرافة,,,25.32881451090654,51.441954815334675
مدرسة المنار النموذجية للبنين,publique,Ecoles publiques,مدرسة حكومية,ابتدائي,بنين,,,,بلدية الريان,51,الثميد,,,25.3609063108855,51.383779154584275
مدرسة الرفاع الابتدائية للبنات,publique,Ecoles publiques,مدرسة حكومية,ابتدائي,بنات,,,,بلدية الريان,52,الريان العتيق,,,25.299226401578206,51.44872388367578
مدرسة أم سلمة الابتدائية للبنات,publique,Ecoles publiques,مدرسة حكومية,ابتدائي,بنات,,,,بلدية الريان,53,الوجبة,,,25.28392692078051,51.40548825210669
مدرسة الشقب الابتدائية للبنات,publique,Ecoles publiques,مدرسة حكومية,ابتدائي,بنات,,,,بلدية الريان,53,الريان الجديد,,,25.291463828945155,51.43024375040482
مدرسة الوجبة الابتدائية للبنين,publique,Ecoles publiques,مدرسة حكومية,خامس + سادس,بنين,,,,بلدية الريان,53,روضة النيسر,,,25.25768041923524,51.402719238868656
مدرسة حليمة السعدية الابتدائية للبنات,publique,Ecoles publiques,مدرسة حكومية,ابتدائي,بنات,,,,بلدية الريان,53,الوجبة,,,25.265421151032672,51.38573739692696
مدرسة زينب بنت جحش الابتدائية للبنات,publique,Ecoles publiques,مدرسة حكومية,ابتدائي,بنات,,,,بلدية الريان,53,روضة ابا الحيران,,,25.257406776930406,51.35098165662369
مدرسة سعد بن ابي وقاص النموذجية للبنين,publique,Ecoles publiques,مدرسة حكومية,ابتدائي,بنين,,,,بلدية الريان,53,روضة ابا الحيران,,,25.271370209406044,51.36983204986552
مدرسة عبد الله بن رواحة الابتدائية للبنين,publique,Ecoles publiques,مدرسة حكومية,خامس + سادس,بنين,,,,بلدية الريان,53,روضة ابا الحيران,,,25.269059737058942,51.3711189954569
مدرسة علي بن عبدالله النموذجية للبنين,publique,Ecoles publiques,مدرسة حكومية,ابتدائي,بنين,,,,بلدية الريان,53,الريان الجديد,,,25.29376411499207,51.428038982610005
مدرسة قطر الابتدائية للبنين,publique,Ecoles publiques,مدرسة حكومية,خامس + سادس,بنين,,,,بلدية الريان,53,الريان الجديد,,,25.30488024152892,51.41325843002198
مدرسة معاذ بن جبل الابتدائية للبنين,publique,Ecoles publiques,مدرسة حكومية,خامس + سادس,بنين,,,,بلدية الريان,53,الريان الجديد,,,25.289083056785895,51.418436305082366
مدرسة القادسية النموذجية للبنين,publique,Ecoles publiques,مدرسة حكومية,ابتدائي,بنين,,,,بلدية الريان,54,لوعيب,,,25.279630947599212,51.45975208936756
مدرسة عبدالله بن زيد آل محمود النموذجية للبنين,publique,Ecoles publiques,مدرسة حكومية,ابتدائي,بنين,,,,بلدية الريان,54,بعيا,,,25.278540235859055,51.433864290752766
مدرسة عمر بن الخطاب النموذجية للبنين,publique,Ecoles publiques,مدرسة حكومية,ابتدائي,بنين,,,,بلدية الريان,54,محيرجة,,,25.271390588816704,51.473095920581684
مدرسة أم هاني الابتدائية للبنات,publique,Ecoles publiques,مدرسة حكومية,ابتدائي,بنات,,,,بلدية الريان,55,السيلية,,,25.1959520444878,51.36568908318686
مدرسة الإخلاص النموذجية للبنين,publique,Ecoles publiques,مدرسة حكومية,ابتدائي,بنين,,,,بلدية الريان,55,السيلية,,,25.199164571416993,51.365354720989096
مدرسة الإسراء الابتدائية للبنات,publique,Ecoles publiques,مدرسة حكومية,ابتدائي,بنات,,,,بلدية الريان,55,العزيزية,,,25.252263593076812,51.44982730536464
مدرسة التعاون الابتدائية للبنات,publique,Ecoles publiques,مدرسة حكومية,ابتدائي,بنات,,,,بلدية الريان,55,المعراض,,,25.23978240030597,51.37064643454131
مدرسة المثنى بن حارثة النموذجية للبنين,publique,Ecoles publiques,مدرسة حكومية,ابتدائي,بنين,,,,بلدية الريان,55,بو سدرة,,,25.23494893478281,51.41958669262504
مدرسة الهدى الابتدائية للبنات,publique,Ecoles publiques,مدرسة حكومية,ابتدائي,بنات,,,,بلدية الريان,55,المعراض,,,25.24252726491194,51.37289781457106
مدرسة بلال بن رباح النموذجية للبنين,publique,Ecoles publiques,مدرسة حكومية,ابتدائي,بنين,,,,بلدية الريان,55,معيذر 55,,,25.25173593561359,51.39633737841251
مدرسة حطين النموذجية للبنين,publique,Ecoles publiques,مدرسة حكومية,ابتدائي,بنين,,,,بلدية الريان,55,العزيزية,,,25.242481685661275,51.44863901155953
مدرسة مريم بنت عمران الابتدائية للبنات,publique,Ecoles publiques,مدرسة حكومية,ابتدائي,بنات,,,,بلدية الريان,55,معيذر 55,,,25.264182835452484,51.40851354493663
مدرسة عبدالله بن تركي الابتدائية للبنين,publique,Ecoles publiques,مدرسة حكومية,خامس + سادس,بنين,,,,بلدية الريان,55,العزيزية,,,25.245886096944755,51.45228801319112
مدرسة عثمان بن عفان النموذجية للبنين,publique,Ecoles publiques,مدرسة حكومية,ابتدائي,بنين,,,,بلدية الريان,55,بو سدرة,,,25.238928894740148,51.41948752264785
مدرسة فاطمة بنت الخطاب الابتدائية للبنات,publique,Ecoles publiques,مدرسة حكومية,خامس + سادس,بنين,,,,بلدية الريان,55,معيذر 55,,,25.255481819120995,51.419329170552246
مدرسة هاجر الابتدائية للبنات,publique,Ecoles publiques,مدرسة حكومية,ابتدائي,بنات,,,,بلدية الريان,55,المعراض,,,25.239492565002905,51.37936834197019
مدرسة أبي أيوب الأنصاري النموذجية للبنين,publique,Ecoles publiques,مدرسة حكومية,ابتدائي,بنين,,,,بلدية الريان,56,ام السنيم,,,25.207215901403433,51.478138568004645
مدرسة الخليج العربي النموذجية للبنين,publique,Ecoles publiques,مدرسة حكومية,ابتدائي,بنين,,,,بلدية الريان,56,بو هامور,,,25.2226784064131,51.48817529250686
مدرسة الفلاح الابتدائية للبنات,publique,Ecoles publiques,مدرسة حكومية,ابتدائي,بنات,,,,بلدية الريان,56,بو هامور,,,25.221816048326787,51.49016259229089
مدرسة جويرية بنت الحارث الابتدائية للبنات,publique,Ecoles publiques,مدرسة حكومية,ابتدائي,بنات,,,,بلدية الريان,56,ام السنيم,,,25.203244200905296,51.457701497078865
مدرسة نسيبة بنت كعب الابتدائية للبنات,publique,Ecoles publiques,مدرسة حكومية,ابتدائي,بنات,,,,بلدية الريان,56,ام السنيم,,,25.212496821746154,51.47387199981597
مدرسة أحمد منصور الابتدائية للبنين,publique,Ecoles publiques,مدرسة حكومية,خامس + سادس,بنين,,,,بلدية الدوحه,66,لقطيفية,,,25.356491785549597,51.51479188093051
مدرسة أبي حنيفة النموذجية للبنين,publique,Ecoles publiques,مدرسة حكومية,ابتدائي,بنين,,,,بلدية الدوحه,66,لقطيفية,,,25.357118867914753,51.507514371517985
مدرسة البيان الابتدائية الأولى للبنات,publique,Ecoles publiques,مدرسة حكومية,ابتدائي,بنات,,,,بلدية الظعاين,70,العب,,,,
مدرسة أم العمد النموذجية للبنين,publique,Ecoles publiques,مدرسة حكومية,ابتدائي,بنين,,,,بلدية الظعاين,70,ام قرن,,,25.565098302276528,51.448432921614604
مدرسة عبد الحميد الدايل النموذجية للبنين,publique,Ecoles publiques,مدرسة حكومية,ابتدائي,بنات,,,,بلدية ام صلال,71,ام صلال محمد,,,25.415968207272737,51.416086441358026
مدرسة أم صلال محمد النموذجية للبنين,publique,Ecoles publiques,مدرسة حكومية,ابتدائي,بنات,,,,بلدية ام صلال,71,الخريطيات,,,25.38267386375103,51.414769392262656
مدرسة الشفاء بنت عبد الرحمن الأنصارية الابتدائية للبنات,publique,Ecoles publiques,مدرسة حكومية,ابتدائي,بنات,,,,بلدية ام صلال,71,بو فسيلة,,,25.437660841149494,51.40996373845887
مدرسة النهضة الابتدائية للبنات,publique,Ecoles publiques,مدرسة حكومية,ابتدائي,بنات,,,,بلدية ام صلال,71,ام صلال محمد,,,25.421462625255554,51.41699458287988
مدرسة سعد بن معاذ الابتدائية للبنين,publique,Ecoles publiques,مدرسة حكومية,خامس + سادس,بنين,,,,بلدية ام صلال,71,ام صلال علي,,,25.47523607610399,51.38927641842591
مدرسة عبدالله بن الزبير النموذجية للبنين,publique,Ecoles publiques,مدرسة حكومية,ابتدائي,بنين,,,,بلدية ام صلال,71,الفروش,,,25.37491844419467,51.40901077037406
مدرسة الجميلية الابتدائية الإعدادية الثانوية للبنات,publique,Ecoles publiques,مدرسة حكومية,ابتدائي + اعدادي + ثانوي,بنات,,,,بلدية الشيحانية,73,لجمليه,,,,
مدرسة الجميلية الابتدائية الإعدادية الثانوية للبنين,publique,Ecoles publiques,مدرسة حكومية,ابتدائي + اعدادي + ثانوي,بنين,,,,بلدية الشيحانية,73,لجمليه,,,25.627619337024942,51.078524051510094
مدرسة الخور الابتدائية الأولى للبنات,publique,Ecoles publiques,مدرسة حكومية,ابتدائي,بنات,,,,بلدية الخور و الذخيرة,74,الخور,,,25.672611489576852,51.481356635728886
مدرسة الخور الابتدائية الثانية للبنات,publique,Ecoles publiques,مدرسة حكومية,ابتدائي,بنات,,,,بلدية الخور و الذخيرة,74,الخور,,,25.67151394093604,51.48151609546738
مدرسة الخور النموذجية للبنين,publique,Ecoles publiques,مدرسة حكومية,ابتدائي,بنين,,,,بلدية الخور و الذخيرة,74,الخور,,,25.68068550793114,51.48239672944774
مدرسة الذخيرة الابتدائية للبنات,publique,Ecoles publiques,مدرسة حكومية,ابتدائي,بنات,,,,بلدية الخور و الذخيرة,75,الذخيرة,,,25.72233280189988,51.53775639621794
مدرسة الذخيرة النموذجية للبنين,publique,Ecoles publiques,مدرسة حكومية,ابتدائي + اعدادي + ثانوي,بنين,,,,بلدية الخور و الذخيرة,75,مدينة الكعبان,,,25.877032404822817,51.35556814981228
مدرسة الكعبان الابتدائية الإعدادية الثانوية للبنات,publique,Ecoles publiques,مدرسة حكومية,ابتدائي + اعدادي + ثانوي,بنات,,,,بلدية الخور و الذخيرة,75,مدينة الكعبان,,,25.87698991096541,51.35334844381462
مدرسة الزبارة الابتدائية الإعدادية الثانوية للبنين,publique,Ecoles publiques,مدرسة حكومية,ابتدائي + اعدادي + ثانوي,بنين,,,,بلدية الخور و الذخيرة,76,لغويرية,,,25.826926820705577,51.25103405876751
مدرسة الغويرية الابتدائية الإعدادية الثانوية للبنات,publique,Ecoles publiques,مدرسة حكومية,ابتدائي + اعدادي + ثانوي,بنات,,,,بلدية الخور و الذخيرة,76,لغويرية,,,25.83464467469019,51.24491480526763
مدرسة الشمال الابتدائية للبنات,publique,Ecoles publiques,مدرسة حكومية,ابتدائي,بنات,,,,بلدية الشمال,78,ام صباح,,,26.11706827840147,51.194028529492066
مدرسة الشمال الابتدائية للبنين,publique,Ecoles publiques,مدرسة حكومية,ابتدائي,بنين,,,,بلدية الشيحانية,80,الشيحانية,,,26.120396052408967,51.19135065032425
مدرسة بروق الابتدائية للبنات,publique,Ecoles publiques,مدرسة حكومية,ابتدائي,بنات,,,,بلدية الشيحانية,80,الشيحانية,,,,
مدرسة أسماء بنت أبي بكر الابتدائية للبنات,publique,Ecoles publiques,مدرسة حكومية,ابتدائي,بنات,,,,بلدية الريان,81,مبيريك,,,,
مدرسة صفية بنت عبدالمطلب الابتدائية للبنات,publique,Ecoles publiques,مدرسة حكومية,ابتدائي,بنات,,,,بلدية الريان,81,مبيريك,,,,
مدرسة عبدالله بن جاسم آل ثاني الابتدائية للبنين,publique,Ecoles publiques,مدرسة حكومية,خامس + سادس,بنين,,,,بلدية الريان,81,مبيريك,,,,
مدرسة روضة راشد الابتدائية الإعدادية الثانوية للبنات,publique,Ecoles publiques,مدرسة حكومية,ابتدائي + اعدادي + ثانوي,بنات,,,,بلدية الشيحانية,82,روضة راشد,,,,
مدرسة روضة راشد الابتدائية الإعدادية الثانوية للبنين,publique,Ecoles publiques,مدرسة حكومية,ابتدائي + اعدادي + ثانوي,بنين,,,,بلدية الشيحانية,84,روضة البراق,,,,
مدرسة دخان الابتدائية الإعدادية الثانوية للبنات,publique,Ecoles publiques,مدرسة حكومية,ابتدائي + اعدادي + ثانوي,بنات,,,,بلدية الشيحانية,86,الخطية الجديدة,,,,
مدرسة دخان الابتدائية الاعدادية الثانوية للبنين,publique,Ecoles publiques,مدرسة حكومية,ابتدائي + اعدادي + ثانوي,بنين,,,,بلدية الشيحانية,86,الخطية الجديدة,,,,
مدرسة السلام الابتدائية للبنات,publique,Ecoles publiques,مدرسة حكومية,ابتدائي,بنات,,,,بلدية الوكرة,90,الوكرة,,,,
مدرسة الشروق النموذجية للبنين,publique,Ecoles publiques,مدرسة حكومية,ابتدائي,بنين,,,,بلدية الوكرة,90,الوكرة,,,,
مدرسة الوكرة الابتدائية للبنات,publique,Ecoles publiques,مدرسة حكومية,ابتدائي,بنات,,,,بلدية الوكرة,90,الوكرة,,,,
مدرسة جابر بن حيان الابتدائية للبنين,publique,Ecoles publiques,مدرسة حكومية,خامس + سادس,بنين,,,,بلدية الوكرة,90,الوكرة,,,,
مدرسة سعود بن عبدالرحمن النموذجية للبنين,publique,Ecoles publiques,مدرسة حكومية,ابتدائي,بنين,,,,بلدية الوكرة,90,الوكرة,,,,
مدرسة لبابة بنت الحارث الابتدائية للبنات,publique,Ecoles publiques,مدرسة حكومية,ابتدائي,بنات,,,,بلدية الوكرة,90,الوكرة,,,,
مدرسة المشاف الابتدائية للبنات,publique,Ecoles publiques,مدرسة حكومية,ابتدائي,بنات,,,,بلدية الوكرة,91,المشاف,,,,
مدرسة الوكير الابتدائية للبنات,publique,Ecoles publiques,مدرسة حكومية,ابتدائي,بنات,,,,بلدية الوكرة,91,الوكير,,,,
مدرسة الوكير النموذجية للبنين,publique,Ecoles publiques,مدرسة تطبّق المنهج الأمريكي,روضة + ابتدائي,بنين + بنات,المنهج الأمريكي,,,بلدية الدوحه,3,مشيرب 3,,,25.28591599,51.52689778
المدرسة العالمية للعلوم الطبية والهندسة,privée,Les écoles privées américaines,مدرسة تطبّق المنهج الأمريكي,ابتدائي + اعدادي + ثانوي,بنين + بنات,المنهج الأمريكي,,,بلدية الدوحه,36,المسيلة,,,25.29917672,51.48597891
روضة اللوتس الخاصة,privée,Les écoles privées américaines,مدرسة تطبّق المنهج الأمريكي,روضة,بنين + بنات,المنهج الأمريكي,,,بلدية الدوحه,36,المسيلة,,,25.30491761,51.47659532
روضة القمة الخاصة,privée,Les écoles privées américaines,مدرسة تطبّق المنهج الأمريكي,روضة,بنين + بنات,المنهج الأمريكي,,,بلدية الدوحه,43,نعيجة 43,,,25.24000089,51.52336479
مدرسة الشرق الأوسط الدولية الخاصة,privée,Les écoles privées américaines,مدرسة تطبّق المنهج الأمريكي,روضة + ابتدائي,بنين + بنات,المنهج الأمريكي,,,بلدية الدوحه,45,المطار العتيق,,,25.2427797,51.55272887
روضة الحماد العالمية المطورة,privée,Les écoles privées américaines,مدرسة تطبّق المنهج الأمريكي,روضة,بنين + بنات,المنهج الأمريكي,,,بلدية الدوحه,45,المطار العتيق,,,25.25167967,51.54866702
أكاديمية الكون العالمية الخاصة,privée,Les écoles privées américaines,مدرسة تطبّق المنهج الأمريكي,جميع المراحل,بنين + بنات,المنهج الأمريكي,,,بلدية الدوحه,47,الثمامة 47,,,25.2367104,51.57179982
المدرسة الأكاديمية الأمريكية - فرع الثمامة,privée,Les écoles privées américaines,مدرسة تطبّق المنهج الأمريكي,روضة + ابتدائي + اعدادي,بنين + بنات,المنهج الأمريكي,,,بلدية الريان,51,روضة اقديم,,,25.34153696,51.38234388
مدرسة المنار الدولية - الثميد,privée,Les écoles privées américaines,مدرسة تطبّق المنهج الأمريكي,جميع المراحل,بنين + بنات,المنهج الأمريكي,,,بلدية الريان,51,الثميد,,,25.35013332,51.39319621
أكاديمية العوسج,privée,Les écoles privées américaines,مدرسة تطبّق المنهج الأمريكي,جميع المراحل,بنين + بنات,المنهج الأمريكي,,,بلدية الريان,52,الشقب,,,25.31400901,51.42620234
أكاديمية قطر السدرة,privée,Les écoles privées américaines,مدرسة تطبّق المنهج الأمريكي,ابتدائي + اعدادي + ثانوي,بنين + بنات,المنهج الأمريكي,,,بلدية الريان,52,الشقب,,,25.31051257,51.43328539
أكاديمية قطر للعلوم والتكنولوجيا,privée,Les écoles privées américaines,مدرسة تطبّق المنهج الأمريكي,اعدادي + ثانوي,بنين + بنات,المنهج الأمريكي,,,بلدية الريان,52,الشقب,,,25.31051257,51.43328539
أكاديمية قطر-فرع الوجبة,privée,Les écoles privées américaines,مدرسة تطبّق المنهج الأمريكي,جميع المراحل,بنين + بنات,"المنهج الأمريكي , منهج IB",,,بلدية الريان,52,الشقب,,,25.31051257,51.43328539
روضة الريادة العالمية,privée,Les écoles privées américaines,مدرسة تطبّق المنهج الأمريكي,روضة,بنين + بنات,المنهج الأمريكي,,,بلدية الريان,52,اللقطة,,,25.3133933,51.45223135
مدرسة أكاديميتي,privée,Les écoles privées américaines,مدرسة تطبّق المنهج الأمريكي,جميع المراحل,بنين + بنات,المنهج الأمريكي,,,بلدية الريان,52,الشقب,,,25.31051257,51.43328539
أكاديمية الكون العالمية - الريان الجديد,privée,Les écoles privées américaines,مدرسة تطبّق المنهج الأمريكي,روضة + ابتدائي,بنين + بنات,المنهج الأمريكي,,,بلدية الريان,53,الريان الجديد,,,25.28798267,51.43498328
مدرسة رويال الدولية الخاصة,privée,Les écoles privées américaines,مدرسة تطبّق المنهج الأمريكي,جميع المراحل,بنين + بنات,المنهج الأمريكي,,,بلدية الريان,54,محيرجة,,,25.2742722,51.46390952
أكاديمية القمة الخاصة,privée,Les écoles privées américaines,مدرسة تطبّق المنهج الأمريكي,جميع المراحل,بنين + بنات,المنهج الأمريكي,,,بلدية الريان,55,معيذر 55,,,25.26668642,51.42419792
المدرسة الأمريكية بالدوحة,privée,Les écoles privées américaines,مدرسة تطبّق المنهج الأمريكي,روضة,بنين + بنات,المنهج الأمريكي,,,بلدية الريان,56,بو هامور,,,25.25203397,51.48318356
مدرسة النخبة العالمية الخاصة,privée,Les écoles privées américaines,مدرسة تطبّق المنهج الأمريكي,روضة + ابتدائي + اعدادي,بنين + بنات,المنهج الأمريكي,,,بلدية الريان,56,عين خالد,,,25.23381973,51.46990599
مدرسة هاملتون الدولية,privée,Les écoles privées américaines,مدرسة تطبّق المنهج الأمريكي,روضة + ابتدائي,بنين + بنات,المنهج الأمريكي,,,بلدية الدوحه,65,عنيزة 65,,,25.3293151,51.50809635
روضة الدفنة العالمية,privée,Les écoles privées américaines,مدرسة تطبّق المنهج الأمريكي,روضة,بنين + بنات,المنهج الأمريكي,,,بلدية الدوحه,66,عنيزة 66,,,25.35170304,51.51829302
مدرسة الشويفات الدولية الخاصة,privée,Les écoles privées américaines,مدرسة تطبّق المنهج الأمريكي,روضة,بنين + بنات,المنهج الأمريكي,,,بلدية الدوحه,67,حزم المرخية,,,25.34159547,51.48157417
مدرسة الدوحة الدولية الخاصة,privée,Les écoles privées américaines,مدرسة تطبّق المنهج الأمريكي,روضة + ابتدائي,بنين + بنات,المنهج الأمريكي,,,بلدية الدوحه,67,حزم المرخية,,,25.33949365,51.48927207
روضة نولج بريدج انترناشيونال,privée,Les écoles privées américaines,مدرسة تطبّق المنهج الأمريكي,جميع المراحل,بنين + بنات,المنهج الأمريكي,,,بلدية الظعاين,69,لوسيل 69,,,25.408186427981697,51.50756058849315
روضة الأفضلية الدولية,privée,Les écoles privées américaines,مدرسة تطبّق المنهج الأمريكي,روضة,بنين + بنات,المنهج الأمريكي,,,بلدية الظعاين,70,العب,,,25.39306705,51.45214531
مدرسة أي سي اس الدولية الدوحة,privée,Les écoles privées américaines,مدرسة تطبّق المنهج الأمريكي,جميع المراحل,بنين + بنات,"المنهج الأمريكي , منهج IB",,,بلدية الظعاين,70,جريان جنيحات,,,25.4223793,51.43492635
مدرسة نورث فيو العالمية,privée,Les écoles privées américaines,مدرسة تطبّق المنهج الأمريكي,جميع المراحل,بنين + بنات,المنهج الأمريكي,,,بلدية الظعاين,70,ام قرن,,,25.54342388,51.42818696
أكاديمية قطر الخاصة - فرع الخور,privée,Les écoles privées américaines,مدرسة تطبّق المنهج الأمريكي,جميع المراحل,بنين + بنات,"المنهج الأمريكي , منهج IB",,,بلدية الخور و الذخيرة,74,العقدة,,,25.66160344,51.4614093
أكاديمية قطر للقادة,privée,Les écoles privées américaines,مدرسة تطبّق المنهج الأمريكي,اعدادي + ثانوي,بنين + بنات,المنهج الأمريكي,,,بلدية الخور و الذخيرة,74,الخور,,,25.67227144,51.50330505
اكاديمية قطر الخاصة - فرع الوكرة,privée,Les écoles privées américaines,مدرسة تطبّق المنهج الأمريكي,جميع المراحل,بنين + بنات,المنهج الأمريكي,,,بلدية الوكرة,90,الوكرة,,,25.14816164,51.58341999
مدرسة فيجن الدولية,privée,Les écoles privées américaines,مدرسة تطبّق المنهج الأمريكي,جميع المراحل,بنين + بنات,المنهج الأمريكي,,,بلدية الوكرة,90,الوكرة,,,25.17726412,51.59148806
أكاديمية جيمس الأمريكية,privée,Les écoles privées américaines,مدرسة تطبّق المنهج الأمريكي,جميع المراحل,بنين + بنات,المنهج الأمريكي,,,بلدية الوكرة,91,الوكير,,,25.1384845,51.51418576
اكاديمية المها للبنات,privée,Les écoles britanniques,مدرسة خاصة,جميع المراحل,,المنهج البريطاني,,,بلدية الريان,56,عين خالد,,,25.21921692,51.44375871
اكاديمية المها للبنين,privée,Les écoles britanniques,مدرسة خاصة,جميع المراحل,,المنهج البريطاني,,,بلدية الريان,56,عين خالد,,,25.21853909,51.44256535
اكاديمية اوسكار,privée,Les écoles britanniques,مدرسة خاصة,روضة + ابتدائي,,المنهج البريطاني,,,بلدية الدوحه,40,اسلطة الجديدة,,,25.26167448,51.52247801
مدرسة نيوتن العالمية - الخليج الغربي,privée,Les écoles britanniques,مدرسة خاصة,ابتدائي,,المنهج البريطاني,,,بلدية الدوحه,66,لقطيفية,,,25.35387689,51.51149423
مدرسة نيوتن العالمية - الهلال,privée,Les écoles britanniques,مدرسة خاصة,روضة + ابتدائي + اعدادي,,المنهج البريطاني,,,بلدية الدوحه,43,نعيجة 43,,,25.253433,51.51844734
اكاديمية نيوتن العالمية الخاصة - المشاف,privée,Les écoles britanniques,مدرسة خاصة,جميع المراحل,,المنهج البريطاني,,,بلدية الدوحه,66,لقطيفية,,,25.35793611,51.51639972
أكاديمية نيوتن العالمية - فرع لوسيل,privée,Les écoles britanniques,مدرسة خاصة,جميع المراحل,,المنهج البريطاني,,,بلدية الظعاين,69,لوسيل 69,,,25.389415949586585,51.52386633430927
مدرسة نيوتن البريطانية الخاصة - الوعب,privée,Les écoles britanniques,مدرسة خاصة,روضة + ابتدائي,,المنهج البريطاني,,,بلدية الريان,55,الوعب,,,25.25804156,51.45646176
اكاديمية نيوتن البريطانية - الدفنة,privée,Les écoles britanniques,مدرسة خاصة,روضة + ابتدائي,,المنهج البريطاني,,,بلدية الدوحه,63,عنيزة 63,,,25.3187789,51.51717356
اكاديمية نيوتن البريطانية الخاصة - المشاف,privée,Les écoles britanniques,مدرسة خاصة,ابتدائي + اعدادي + ثانوي,,المنهج البريطاني,,,بلدية الريان,56,مسيمير,,,25.198374542773784,51.50764937375252
مدرسة نيوتن البريطانية - مريخ,privée,Les écoles britanniques,مدرسة خاصة,جميع المراحل,,المنهج البريطاني,,,بلدية الريان,54,مريخ,,,25.28295359,51.44495567
مدرسة اكسفورد الانجليزية الخاصة,privée,Les écoles britanniques,مدرسة خاصة,روضة + ابتدائي,,المنهج البريطاني,,,بلدية الريان,51,الغرافة,,,25.34209352,51.44374065
المدرسة الإنجليزية الحديثة - المسيلة,privée,Les écoles britanniques,مدرسة خاصة,جميع المراحل,,المنهج البريطاني,,,بلدية الدوحه,36,المسيلة,,,25.304283780608767,51.474138719403925
المدرسة الإنجليزية الحديثة - فرع الوكرة,privée,Les écoles britanniques,مدرسة خاصة,روضة + ابتدائي,,المنهج البريطاني,,,بلدية الوكرة,90,الوكرة,,,25.18013841,51.60672619
المدرسة الإنجليزية الحديثة - الخور,privée,Les écoles britanniques,مدرسة خاصة,جميع المراحل,,المنهج البريطاني,,,بلدية الخور و الذخيرة,74,ام اعنيق,,,25.713548880852116,51.516475783679226
المدرسة البريطانية الحديثة الدولية,privée,Les écoles britanniques,مدرسة خاصة,روضة + ابتدائي + اعدادي,,المنهج البريطاني,,,بلدية الدوحه,36,المسيلة,,,25.30396081,51.4778495
المدرسة الوطنية الدولية,privée,Les écoles britanniques,مدرسة خاصة,روضة + ابتدائي,,المنهج البريطاني,,,بلدية الدوحه,66,لقطيفية,,,25.37118409,51.49897378
المستقبل المنير العالمية,privée,Les écoles britanniques,مدرسة خاصة,جميع المراحل,,"المنهج البريطاني, المنهج الباكستاني",,,بلدية الريان,56,بو هامور,,,25.22355129,51.49494645
أكاديمية اديسون العالمية – فرع مريخ,privée,Les écoles britanniques,مدرسة خاصة,جميع المراحل,,المنهج البريطاني,,,بلدية الريان,54,بعيا,,,25.26219937,51.43308571
أكاديمية الأرقم الخاصة,privée,Les écoles britanniques,مدرسة خاصة,جميع المراحل,,المنهج البريطاني,,,بلدية الريان,56,بو هامور,,,25.2501672,51.48285923
أكاديمية الجزيرة الخاصة,privée,Les écoles britanniques,مدرسة خاصة,جميع المراحل,,المنهج البريطاني,,,بلدية الريان,56,بو هامور,,,25.22997157,51.50287705
أكاديمية الدوحة العالمية – الوعب,privée,Les écoles britanniques,مدرسة خاصة,جميع المراحل,,المنهج البريطاني,,,بلدية الريان,55,الوعب,,,25.25307671,51.46693604
أكاديمية الشموخ للامتياز الدولية,privée,Les écoles britanniques,مدرسة خاصة,روضة + ابتدائي,,المنهج البريطاني,,,بلدية الظعاين,70,روضة الحمامة,,,25.42980144,51.47739401
أكاديمية الفيصل الدولية,privée,Les écoles britanniques,مدرسة خاصة,ابتدائي,,المنهج البريطاني,,,بلدية الريان,53,معيذر 53,,,25.27877395,51.42072276
أكاديمية إعداد الدولية,privée,Les écoles britanniques,مدرسة خاصة,روضة + ابتدائي,,المنهج البريطاني,,,بلدية الريان,55,العزيزية,,,25.24719165,51.44994792
أكاديمية إعداد الدولية - فرع عين خالد,privée,Les écoles britanniques,مدرسة خاصة,روضة + ابتدائي,,المنهج البريطاني,,,بلدية الريان,56,ام السنيم,,,25.21124366,51.44660644
أكاديمية أديسون الدولية - دحل الحمام,privée,Les écoles britanniques,مدرسة خاصة,روضة + ابتدائي,,المنهج البريطاني,,,بلدية الدوحه,67,حزم المرخية,,,25.33980554,51.49145812
أكاديمية أديسون انترناشيونال,privée,Les écoles britanniques,مدرسة خاصة,روضة + ابتدائي,,المنهج البريطاني,,,بلدية الدوحه,33,المرخية,,,25.32246395,51.4908463
أكاديمية أديسون جلوبال,privée,Les écoles britanniques,مدرسة خاصة,جميع المراحل,,المنهج البريطاني,,,بلدية الظعاين,69,لوسيل 69,,,25.42841112,51.50368458
أكاديمية أمجاد الدولية,privée,Les écoles britanniques,مدرسة خاصة,ابتدائي,,المنهج البريطاني,,,بلدية الوكرة,90,الوكرة,,,25.1446993,51.59899938
أكاديمية برايتون الدولية,privée,Les écoles britanniques,مدرسة خاصة,روضة + ابتدائي,,المنهج البريطاني,,,بلدية الدوحه,45,المطار العتيق,,,25.24859806,51.56080112
أكاديمية شكسبير الدولية,privée,Les écoles britanniques,مدرسة خاصة,روضة + ابتدائي,,المنهج البريطاني,,,بلدية الريان,55,العزيزية,,,25.25045101,51.45067146
كلية الدوحة الإنجليزية,privée,Les écoles britanniques,مدرسة خاصة,جميع المراحل,,المنهج البريطاني,,,بلدية الريان,53,الوجبة,,,25.30292925,51.40425294
مدرسة اقرأ الإنجليزية للبنات,privée,Les écoles britanniques,مدرسة خاصة,روضة + ابتدائي,,المنهج البريطاني,,,بلدية الريان,56,المعمورة 56,,,25.25050037,51.49472299
مدرسة اقرأ الإنجليزية للبنين,privée,Les écoles britanniques,مدرسة خاصة,روضة + ابتدائي,,المنهج البريطاني,,,بلدية الريان,55,العزيزية,,,25.2531953,51.4368001
مدرسة الاشبال الدولية - فرع المطار,privée,Les écoles britanniques,مدرسة خاصة,جميع المراحل,,المنهج البريطاني,,,بلدية الدوحه,45,المطار العتيق,,,25.2410121,51.55385371
مدرسة الاشبال الدولية – عين خالد,privée,Les écoles britanniques,مدرسة خاصة,ابتدائي,,المنهج البريطاني,,,بلدية الريان,56,ام السنيم,,,25.21578317,51.48525095
مدرسة الإنجليزية الحديثة الخاصة - المسيلة,privée,Les écoles britanniques,مدرسة خاصة,جميع المراحل,,المنهج البريطاني,,,بلدية الدوحه,36,المسيلة,,,25.30483971,51.47427089
مدرسة الأطياف العالمية,privée,Les écoles britanniques,مدرسة خاصة,روضة + ابتدائي,,المنهج البريطاني,,,بلدية الدوحه,31,ام لخبا,,,25.34664367,51.47510719
مدرسة الجيل القادم - الوكرة 2,privée,Les écoles britanniques,مدرسة خاصة,روضة + ابتدائي + اعدادي,,المنهج البريطاني,,,بلدية الوكرة,90,الوكرة,,,25.14207124,51.59238596
مدرسة الجيل القادم - فرع الوكير,privée,Les écoles britanniques,مدرسة خاصة,ابتدائي,,المنهج البريطاني,,,بلدية الوكرة,91,الوكير,,,25.16988727,51.55593594
مدرسة الجيل القادم الابتدائية الخاصة – عين خالد,privée,Les écoles britanniques,مدرسة خاصة,روضة + ابتدائي,,المنهج البريطاني,,,بلدية الريان,56,ام السنيم,,,25.20895066,51.47048391
مدرسة الجيل القادم الخاصة,privée,Les écoles britanniques,مدرسة خاصة,روضة + ابتدائي,,المنهج البريطاني,,,بلدية الدوحه,44,نعيجة 44,,,25.23913418,51.53783081
مدرسة الجيل القادم الخاصة – روضة الحمامة,privée,Les écoles britanniques,مدرسة خاصة,جميع المراحل,,المنهج البريطاني,,,بلدية الظعاين,70,روضة الحمامة,,,25.43479718,51.47274416
مدرسة الخليج الإنجليزية – فريج بن عمران,privée,Les écoles britanniques,مدرسة خاصة,روضة + ابتدائي,,المنهج البريطاني,,,بلدية الدوحه,37,مدينة حمد الطبية,,,25.29676243,51.50151699
مدرسة الخليج الإنجليزية الخاصة,privée,Les écoles britanniques,مدرسة خاصة,ابتدائي + اعدادي + ثانوي,,"منهج IB, المنهج البريطاني",,,بلدية الريان,51,الغرافة,,,25.33936044,51.44894556
مدرسة الخليج الإنجليزية الخاصة – الغرافة,privée,Les écoles britanniques,مدرسة خاصة,روضة + ابتدائي,,المنهج البريطاني,,,بلدية الريان,51,الغرافة,,,25.33877786,51.4510539
مدرسة الخور الدولية الخاصة - المنهج البريطاني,privée,Les écoles britanniques,مدرسة خاصة,جميع المراحل,,المنهج البريطاني,,,بلدية الخور و الذخيرة,74,ام اعنيق,,,25.71441844,51.53224635
مدرسة الدوحة البريطانية - روضة الحمامة,privée,Les écoles britanniques,مدرسة خاصة,جميع المراحل,,المنهج البريطاني,,,بلدية الظعاين,70,روضة الحمامة,,,25.43282608,51.46626907
مدرسة الدوحة البريطانية - فرع الوكرة,privée,Les écoles britanniques,مدرسة خاصة,جميع المراحل,,المنهج البريطاني,,,بلدية الوكرة,90,الوكرة,,,25.18005893,51.59880414
مدرسة الدوحة البريطانية الخاصة,privée,Les écoles britanniques,مدرسة خاصة,روضة + ابتدائي + اعدادي,,المنهج البريطاني,,,بلدية الدوحه,35,فريج كليب,,,25.31495175,51.49048102
مدرسة الرويال كراون,privée,Les écoles britanniques,مدرسة خاصة,روضة + ابتدائي,,المنهج البريطاني,,,بلدية الدوحه,41,نعيجة 41,,,25.26059459,51.53314203
مدرسة السلم الأولى,privée,Les écoles britanniques,مدرسة خاصة,ابتدائي,,المنهج البريطاني,,,بلدية الدوحه,17,الرفاع,,,25.28445001,51.54182562
مدرسة السلم الثالثة,privée,Les écoles britanniques,مدرسة خاصة,ابتدائي + اعدادي + ثانوي,,المنهج البريطاني,,,بلدية الريان,53,الريان الجديد,,,25.29616692,51.40770574
مدرسة الشويفات الدولية الخاصة,privée,Les écoles britanniques,مدرسة خاصة,جميع المراحل,,المنهج بريطاني + أمريكي SABIS,,,بلدية الدوحه,66,لقطيفية,,,25.3534663,51.51307632
مدرسة الفرسان الخاصة,privée,Les écoles britanniques,مدرسة خاصة,روضة + ابتدائي,,المنهج البريطاني,,,بلدية الظعاين,70,روضة الحمامة,,,25.43041735,51.46851958
مدرسة القادة العالمية الخاصة,privée,Les écoles britanniques,مدرسة خاصة,روضة + ابتدائي + اعدادي,,المنهج البريطاني,,,بلدية الريان,56,عين خالد,,,25.23173765,51.45558203
مدرسة المتحدة الدولية,privée,Les écoles britanniques,مدرسة خاصة,جميع المراحل,,المنهج البريطاني,,,بلدية الدوحه,66,اللؤلؤة,,,25.37404828,51.55602719
مدرسة المنتزه الانجليزية الخاصة,privée,Les écoles britanniques,مدرسة خاصة,جميع المراحل,,المنهج البريطاني,,,بلدية الريان,56,بو هامور,,,25.22994298,51.50116089
مدرسة ألفا كمبردج,privée,Les écoles britanniques,مدرسة خاصة,ابتدائي,,المنهج البريطاني,,,بلدية الدوحه,68,جليعة,,,25.35135156,51.49659314
مدرسة أوفاز العالمية فرع الغرافة,privée,Les écoles britanniques,مدرسة خاصة,جميع المراحل,,المنهج البريطاني,,,بلدية الريان,51,ازغوى 51,,,25.35627192,51.42776635
مدرسة باك شمعة الخاصة,privée,Les écoles britanniques,مدرسة خاصة,جميع المراحل,,"المنهج البريطاني, المنهج الباكستاني",,,بلدية الريان,56,مسيمير,,,25.21079088,51.52187384
مدرسة باك شمعة الخاصة - المشاف,privée,Les écoles britanniques,مدرسة خاصة,جميع المراحل,,المنهج البريطاني,,,بلدية الريان,51,الغرافة,,,25.33142202,51.45625141
مدرسة دخان الإنجليزية الخاصة,privée,Les écoles britanniques,مدرسة خاصة,جميع المراحل,,المنهج البريطاني,,,بلدية الشيحانية,86,دخان,,,25.41915126,50.7858057
مدرسة درم الدوحة للبنات,privée,Les écoles britanniques,مدرسة خاصة,جميع المراحل,,المنهج البريطاني,,,بلدية ام صلال,71,ام صلال محمد,,,25.42087316,51.41645105
مدرسة ريتشموند الدولية,privée,Les écoles britanniques,مدرسة خاصة,جميع المراحل,,المنهج البريطاني,,,بلدية الظعاين,70,العب,,,25.39377117,51.45562395
مدرسة غراس الدولية,privée,Les écoles britanniques,مدرسة خاصة,روضة + ابتدائي,,المنهج البريطاني,,,بلدية الدوحه,66,لقطيفية,,,25.37111285,51.49838369
مدرسة فينكس الخاصة,privée,Les écoles britanniques,مدرسة خاصة,روضة + ابتدائي + اعدادي,,المنهج البريطاني,,,بلدية الدوحه,43,المعمورة 43,,,25.25812286,51.49006948
مدرسة قطر العالمية الخاصة,privée,Les écoles britanniques,مدرسة خاصة,جميع المراحل,,المنهج البريطاني,,,بلدية الدوحه,63,عنيزة 63,,,25.32896236,51.52144496
مدرسة كمبردج الخاصة,privée,Les écoles britanniques,مدرسة خاصة,جميع المراحل,,المنهج البريطاني,,,بلدية الريان,56,المعمورة 56,,,25.2453307,51.50460805
مدرسة كمبردج العالمية,privée,Les écoles britanniques,مدرسة خاصة,جميع المراحل,,المنهج البريطاني,,,بلدية الدوحه,44,نعيجة 44,,,25.24428853,51.53753039
مدرسة كنجز كوليج الدوحة,privée,Les écoles britanniques,مدرسة خاصة,روضة + ابتدائي,,المنهج البريطاني,,,بلدية الدوحه,25,المنصورة,,,25.26621641,51.53566666
مدرسة نور الخليج العالمية الخاصة,privée,Les écoles britanniques,مدرسة تطبّق المناهج الدولية,روضة + ابتدائي,,المنهج الأمريكي,,,بلدية الدوحه,3,مشيرب 3,,,25.28591599,51.52689778
مدرسة السلم الأولى,privée,Les écoles internationales,مدرسة تطبّق المناهج الدولية,روضة + ابتدائي,,المنهج البريطاني,,,بلدية الدوحه,25,المنصورة,,,25.26621641,51.53566666
روضة اوفاز العالمية الخاصة,privée,Les écoles internationales,مدرسة تطبّق المناهج الدولية,روضة,,المنهج البريطاني,,,بلدية الدوحه,31,ام لخبا,,,25.34632729,51.46621011
روضة برايت هورايزون الدولية,privée,Les écoles internationales,مدرسة تطبّق المناهج الدولية,روضة,,المنهج البريطاني,,,بلدية الدوحه,32,دحل الحمام,,,25.3330155,51.47545248
روضة قرطبة الدولية,privée,Les écoles internationales,مدرسة تطبّق المناهج الدولية,ابتدائي + اعدادي + ثانوي,,"منهج IB, المنهج البريطاني",,,بلدية الدوحه,32,دحل الحمام,,,25.32920315,51.47807016
أكاديمية أديسون انترناشيونال,privée,Les écoles internationales,مدرسة تطبّق المناهج الدولية,روضة + ابتدائي + اعدادي,,المنهج البريطاني,,,بلدية الدوحه,35,فريج كليب,,,25.31495175,51.49048102
المدرسة الإنجليزية الحديثة - فرع الدوحة,privée,Les écoles internationales,مدرسة تطبّق المناهج الدولية,جميع المراحل,,المنهج البريطاني,,,بلدية الدوحه,36,المسيلة,,,25.304283780608767,51.474138719403925
مدرسة الإنجليزية الحديثة الخاصة-فرع المسيلة,privée,Les écoles internationales,مدرسة تطبّق المناهج الدولية,جميع المراحل,,المنهج البريطاني,,,بلدية الدوحه,36,المسيلة,,,25.30483971,51.47427089
مدرسة درم الدوحة للبنات,privée,Les écoles internationales,مدرسة تطبّق المناهج الدولية,جميع المراحل,,المنهج البريطاني,,,بلدية الدوحه,36,المسيلة,,,25.30188775,51.47835408
روضة عيالنا الخاصة,privée,Les écoles internationales,مدرسة تطبّق المناهج الدولية,روضة,,المنهج البريطاني,,,بلدية الدوحه,37,الهتمي الجديد,,,25.29894706,51.49025095
مدرسة الخليج الإنجليزية – فريج بن عمران,privée,Les écoles internationales,مدرسة تطبّق المناهج الدولية,جميع المراحل,,منهج IB,,,بلدية الدوحه,38,السد 38,,,25.287874,51.49084094
مدرسة طارق بن زياد,privée,Les écoles internationales,مدرسة تطبّق المناهج الدولية,روضة,,المنهج الألماني,,,بلدية الدوحه,41,نعيجة 41,,,25.26196583,51.528593
روضة الثريا الدولية,privée,Les écoles internationales,مدرسة تطبّق المناهج الدولية,روضة,,المنهج البريطاني,,,بلدية الدوحه,42,الهلال,,,25.25936063,51.54280203
روضة نور الخليج العالمية الخاصة,privée,Les écoles internationales,مدرسة تطبّق المناهج الدولية,جميع المراحل,,المنهج الكندي,,,بلدية الدوحه,43,المعمورة 43,,,25.24656419,51.50704465
المدرسة الألمانية الخاصة,privée,Les écoles internationales,مدرسة تطبّق المناهج الدولية,جميع المراحل,,"منهج IB, المنهج الألماني",,,بلدية الدوحه,43,المعمورة 43,,,25.25573314,51.50205904
روضة الأشبال الدولية,privée,Les écoles internationales,مدرسة تطبّق المناهج الدولية,روضة,,المنهج البريطاني,,,بلدية الدوحه,43,نعيجة 43,,,25.24646242,51.52114377
مدرسة الشرق الأوسط الدولية الخاصة,privée,Les écoles internationales,مدرسة تطبّق المناهج الدولية,ابتدائي,,المنهج البريطاني,,,بلدية الدوحه,43,نعيجة 43,,,25.25188175,51.51985422
مدرسة نور الخليج العالمية الخاصة,privée,Les écoles internationales,مدرسة تطبّق المناهج الدولية,جميع المراحل,,المنهج البريطاني,,,بلدية الدوحه,43,نعيجة 43,,,25.25352286,51.51678909
مدرسة نيوتن العالمية الخاصة - الهلال,privée,Les écoles internationales,مدرسة تطبّق المناهج الدولية,ابتدائي,,المنهج البريطاني,,,بلدية الدوحه,44,نعيجة 44,,,25.25180897,51.52656343
روضة اقرأ الإنجليزية الخاصة,privée,Les écoles internationales,مدرسة تطبّق المناهج الدولية,روضة,,المنهج البريطاني,,,بلدية الدوحه,44,نعيجة 44,,,25.24001988,51.53171771
روضة الجود الدولية,privée,Les écoles internationales,مدرسة تطبّق المناهج الدولية,روضة,,المنهج البريطاني,,,بلدية الدوحه,44,نعيجة 44,,,25.24762586,51.53653536
مدرسة كمبردج العالمية,privée,Les écoles internationales,مدرسة تطبّق المناهج الدولية,روضة + ابتدائي,,المنهج البريطاني,,,بلدية الدوحه,45,المطار العتيق,,,25.24859806,51.56080112
روضة الخلود العالمية الخاصة,privée,Les écoles internationales,مدرسة تطبّق المناهج الدولية,روضة,,المنهج البريطاني,,,بلدية الدوحه,45,المطار العتيق,,,25.24358216,51.55694225
مدرسة الأشبال الدولية الخاصة - المطار العتيق,privée,Les écoles internationales,مدرسة تطبّق المناهج الدولية,جميع المراحل,,المنهج البريطاني,,,بلدية الدوحه,45,المطار العتيق,,,25.2410121,51.55385371
مدرسة كنجز كوليج الدوحة,privée,Les écoles internationales,مدرسة تطبّق المناهج الدولية,روضة + ابتدائي,,المنهج البريطاني,,,بلدية الدوحه,47,الثمامة 47,,,25.23756013,51.55346593
اكسفورد الانجليزية الخاصة,privée,Les écoles internationales,مدرسة تطبّق المناهج الدولية,روضة + ابتدائي,,المنهج البريطاني,,,بلدية الريان,51,الغرافة,,,25.34209352,51.44374065
المدرسة اليابانية بالدوحة الخاصة,privée,Les écoles internationales,مدرسة تطبّق المناهج الدولية,ابتدائي + اعدادي,,المنهج الياباني,,,بلدية الريان,51,روضة اقديم,,,25.32661585,51.38628759
مدرسة الحياة العالمية الخاصة,privée,Les écoles internationales,مدرسة تطبّق المناهج الدولية,جميع المراحل,,المنهج الكندي,,,بلدية الريان,51,الثميد,,,25.35013711,51.39408644
مدرسة المنار الدولية - الثميد,privée,Les écoles internationales,مدرسة تطبّق المناهج الدولية,روضة + ابتدائي,,المنهج البريطاني,,,بلدية الريان,51,الغرافة,,,25.3252784,51.45069154
أكاديمية قطر السدرة - الابتدائية,privée,Les écoles internationales,مدرسة تطبّق المناهج الدولية,روضة + ابتدائي,,منهج IB,,,بلدية الريان,52,الشقب,,,25.31051257,51.43328539
المدرسة السويسرية الدولية,privée,Les écoles internationales,مدرسة تطبّق المناهج الدولية,جميع المراحل,,منهج IB,,,بلدية الريان,52,اللقطة,,,25.30979577,51.46358041
أكاديمية الكون العالمية - الريان الجديد,privée,Les écoles internationales,مدرسة تطبّق المناهج الدولية,روضة,,المنهج البريطاني,,,بلدية الريان,53,معيذر 53,,,25.27678819,51.42272828
روضة فكتوري الدولية,privée,Les écoles internationales,مدرسة تطبّق المناهج الدولية,روضة,,المنهج البريطاني,,,بلدية الريان,53,معيذر 53,,,25.26956635,51.41982002
مدرسة رويال الدولية الخاصة,privée,Les écoles internationales,مدرسة تطبّق المناهج الدولية,روضة + ابتدائي,,المنهج البريطاني,,,بلدية الريان,53,الريان الجديد,,,25.29627004,51.41698411
أكاديمية اديسون العالمية – فرع مريخ,privée,Les écoles internationales,مدرسة تطبّق المناهج الدولية,جميع المراحل,,المنهج الأمريكي,,,بلدية الريان,54,محيرجة,,,25.2742722,51.46390952
المدرسة القطرية الفرنسية (فولتير) الخاصة - فرع الوعب,privée,Les écoles internationales,مدرسة تطبّق المناهج الدولية,روضة + ابتدائي,,المنهج الفرنسي,,,بلدية الريان,54,محيرجة,,,25.27138472,51.47105553
روضة المعرفة الخاصة,privée,Les écoles internationales,مدرسة تطبّق المناهج الدولية,روضة,,المنهج البريطاني,,,بلدية الريان,54,محيرجة,,,25.26674281,51.45906356
مدرسة نيوتن البريطانية – مريخ,privée,Les écoles internationales,مدرسة تطبّق المناهج الدولية,جميع المراحل,,المنهج البريطاني,,,بلدية الريان,54,مريخ,,,25.28295359,51.44495567
أكاديمية القمة الخاصة,privée,Les écoles internationales,مدرسة تطبّق المناهج الدولية,روضة + ابتدائي,,المنهج البريطاني,,,بلدية الريان,55,العزيزية,,,25.25045101,51.45067146
أكاديمية نون الدولية,privée,Les écoles internationales,مدرسة تطبّق المناهج الدولية,روضة + ابتدائي,,المنهج الكندي,,,بلدية الريان,55,العزيزية,,,25.25714994,51.44630994
المدرسة الأمريكية بالدوحة,privée,Les écoles internationales,مدرسة تطبّق المناهج الدولية,جميع المراحل,,"المنهج الأمريكي , منهج IB",,,بلدية الريان,55,فريج السودان 55,,,25.26418226,51.48007631
المدرسة القطرية الفرنسية (فولتير) فرع سلوى,privée,Les écoles internationales,مدرسة تطبّق المناهج الدولية,ابتدائي + اعدادي + ثانوي,,المنهج الفرنسي,,,بلدية الريان,55,الوعب,,,25.24823334,51.46561969
روضة الطلائع,privée,Les écoles internationales,مدرسة تطبّق المناهج الدولية,روضة,,المنهج البريطاني,,,بلدية الريان,55,العزيزية,,,25.25174629,51.457939
روضة برمنجهام الدولية,privée,Les écoles internationales,مدرسة تطبّق المناهج الدولية,روضة,,المنهج البريطاني,,,بلدية الريان,55,فريج السودان 55,,,25.26663251,51.49249158
روضة سمارت كيدز,privée,Les écoles internationales,مدرسة تطبّق المناهج الدولية,روضة,,المنهج البريطاني,,,بلدية الريان,55,الوعب,,,25.26368659,51.47411447
روضة كوفنتري,privée,Les écoles internationales,مدرسة تطبّق المناهج الدولية,روضة,,المنهج البريطاني,,,بلدية الريان,55,فريج السودان 55,,,25.26803379,51.47988317
مدرسة اقرأ الإنجليزية للبنين,privée,Les écoles internationales,مدرسة تطبّق المناهج الدولية,جميع المراحل,,المنهج البريطاني,,,بلدية الريان,55,فريج السودان 55,,,25.26357176,51.49418293
مدرسة نيوتن البريطانية الخاصة,privée,Les écoles internationales,مدرسة تطبّق المناهج الدولية,روضة + ابتدائي,,المنهج البريطاني,,,بلدية الريان,55,الوعب,,,25.25804156,51.45646176
أكاديمية المها الخاصة للبنات,privée,Les écoles internationales,مدرسة تطبّق المناهج الدولية,جميع المراحل,,المنهج البريطاني,,,بلدية الريان,56,عين خالد,,,25.21921692,51.44375871
أكاديمية المها الخاصة للبنين,privée,Les écoles internationales,مدرسة تطبّق المناهج الدولية,جميع المراحل,,المنهج البريطاني,,,بلدية الريان,56,عين خالد,,,25.21853909,51.44256535
أكاديمية برايتون الدولية,privée,Les écoles internationales,مدرسة تطبّق المناهج الدولية,روضة + ابتدائي,,المنهج البريطاني,,,بلدية الريان,56,المعمورة 56,,,25.24917601,51.49844862
اكاديمية اعداد الدولية - عين خالد,privée,Les écoles internationales,مدرسة تطبّق المناهج الدولية,روضة + ابتدائي,,المنهج البريطاني,,,بلدية الريان,56,ام السنيم,,,25.21124366,51.44660644
اكاديمية اوسكار الخاصة,privée,Les écoles internationales,مدرسة تطبّق المناهج الدولية,ابتدائي,,المنهج البريطاني,,,بلدية الريان,56,ام السنيم,,,25.21724488,51.45737738
اكاديمية نيوتن العالمية - فرع المشاف,privée,Les écoles internationales,مدرسة تطبّق المناهج الدولية,ابتدائي + اعدادي + ثانوي,,المنهج البريطاني,,,بلدية الريان,56,مسيمير,,,25.1936475,51.50139568
الروضة الانجليزية الخاصة,privée,Les écoles internationales,مدرسة تطبّق المناهج الدولية,روضة,,المنهج البريطاني,,,بلدية الريان,56,المعمورة 56,,,25.24534411,51.49897961
روضة أجيال,privée,Les écoles internationales,مدرسة تطبّق المناهج الدولية,روضة,,المنهج البريطاني,,,بلدية الريان,56,ام السنيم,,,25.19968731,51.46000114
روضة أوسكار الخاصة - أبو هامور,privée,Les écoles internationales,مدرسة تطبّق المناهج الدولية,روضة,,المنهج الأمريكي,,,بلدية الريان,56,بو هامور,,,25.25203397,51.48318356
روضة الدوحة العالمية الخاصة,privée,Les écoles internationales,مدرسة تطبّق المناهج الدولية,روضة,,المنهج البريطاني,,,بلدية الريان,56,بو هامور,,,25.23298652,51.49304285
روضة العبقري الصغير الدولية,privée,Les écoles internationales,مدرسة تطبّق المناهج الدولية,روضة,,المنهج الفرنسي,,,بلدية الريان,56,ام السنيم,,,25.19854125,51.46214346
روضة النيل الأزرق,privée,Les écoles internationales,مدرسة تطبّق المناهج الدولية,روضة,,المنهج البريطاني,,,بلدية الريان,56,عين خالد,,,25.23183599,51.46841804
روضة نيوتن البريطانية الأولى - المشاف,privée,Les écoles internationales,مدرسة تطبّق المناهج الدولية,روضة,,المنهج البريطاني,,,بلدية الريان,56,مسيمير,,,25.19506082,51.49722491
روضة نيوتن البريطانية الثانية - المشاف,privée,Les écoles internationales,مدرسة تطبّق المناهج الدولية,روضة,,المنهج البريطاني,,,بلدية الريان,56,مسيمير,,,25.19506082,51.49722491
روضة نيوتن العالمية الأولى,privée,Les écoles internationales,مدرسة تطبّق المناهج الدولية,روضة,,المنهج البريطاني,,,بلدية الريان,56,مسيمير,,,25.19155033,51.49904917
روضة نيوتن العالمية الثانية,privée,Les écoles internationales,مدرسة تطبّق المناهج الدولية,جميع المراحل,,المنهج البريطاني,,,بلدية الريان,56,مسيمير,,,25.18958429,51.50385454
مدرسة الأشبال الابتدائية الدولية – عين خالد,privée,Les écoles internationales,مدرسة تطبّق المناهج الدولية,ابتدائي,,المنهج البريطاني,,,بلدية الريان,56,ام السنيم,,,25.21578317,51.48525095
مدرسة الدوحة البريطانية الخاصة,privée,Les écoles internationales,مدرسة تطبّق المناهج الدولية,جميع المراحل,,المنهج البريطاني,,,بلدية الريان,56,عين خالد,,,25.24177166,51.46655015
مدرسة هاملتون الدولية,privée,Les écoles internationales,مدرسة تطبّق المناهج الدولية,روضة + ابتدائي,,المنهج البريطاني,,,بلدية الدوحه,63,عنيزة 63,,,25.3187789,51.51717356
المدرسة الفرنسية - بونابرت,privée,Les écoles internationales,مدرسة تطبّق المناهج الدولية,روضة,,المنهج البريطاني,,,بلدية الدوحه,63,عنيزة 63,,,25.33087966,51.51943332
الروضة المغاربية الدولية,privée,Les écoles internationales,مدرسة تطبّق المناهج الدولية,روضة + ابتدائي,,المنهج الأمريكي,,,بلدية الدوحه,65,عنيزة 65,,,25.3293151,51.50809635
أكاديمية شكسبير الدولية,privée,Les écoles internationales,مدرسة تطبّق المناهج الدولية,ابتدائي + اعدادي,,المنهج البريطاني,,,بلدية الدوحه,66,لقطيفية,,,25.37109951,51.49767346
المدرسة القطرية الفرنسية فولتير الخاصة - الدفنة,privée,Les écoles internationales,مدرسة تطبّق المناهج الدولية,ابتدائي + اعدادي + ثانوي,,المنهج الفرنسي,,,بلدية الدوحه,66,لقطيفية,,,25.3719812,51.50163727
روضة الدفنة العالمية,privée,Les écoles internationales,مدرسة تطبّق المناهج الدولية,روضة,,المنهج البريطاني,,,بلدية الدوحه,66,لقطيفية,,,25.35270351,51.51904059
روضة نيوتن العالمية الخاصة,privée,Les écoles internationales,مدرسة تطبّق المناهج الدولية,روضة,,المنهج البريطاني,,,بلدية الدوحه,66,لقطيفية,,,25.35718996,51.51905175
مدرسة غراس الدولية,privée,Les écoles internationales,مدرسة تطبّق المناهج الدولية,جميع المراحل,,المنهج البريطاني,,,بلدية الدوحه,66,لقطيفية,,,25.35793611,51.51639972
مدرسة نيوتن العالمية الخاصة - الخليج الغربي,privée,Les écoles internationales,مدرسة تطبّق المناهج الدولية,ابتدائي,,المنهج البريطاني,,,بلدية الدوحه,66,لقطيفية,,,25.35387689,51.51149423
أكاديمية أديسون الدولية - دحل الحمام,privée,Les écoles internationales,مدرسة تطبّق المناهج الدولية,روضة,,المنهج البريطاني,,,بلدية الدوحه,67,حزم المرخية,,,25.34133667,51.48566784
روضة فيرساي الدولية,privée,Les écoles internationales,مدرسة تطبّق المناهج الدولية,روضة,,المنهج الأمريكي,,,بلدية الدوحه,67,حزم المرخية,,,25.34159547,51.48157417
مدرسة ريتشموند الدولية,privée,Les écoles internationales,مدرسة تطبّق المناهج الدولية,روضة + ابتدائي,,المنهج البريطاني,,,بلدية الدوحه,67,حزم المرخية,,,25.33575011,51.48514146
روضة التميز,privée,Les écoles internationales,مدرسة تطبّق المناهج الدولية,روضة,,المنهج البريطاني,,,بلدية الدوحه,68,جليعة,,,25.34984896,51.49847396
روضة نولج بريدج انترناشيونال,privée,Les écoles internationales,مدرسة تطبّق المناهج الدولية,ابتدائي,,المنهج البريطاني,,,بلدية الدوحه,68,جليعة,,,25.35135156,51.49659314
أكاديمية أديسون جلوبال,privée,Les écoles internationales,مدرسة تطبّق المناهج الدولية,جميع المراحل,,المنهج الأمريكي,,,بلدية الظعاين,69,لوسيل 69,,,25.408186427981697,51.50756058849315
أكاديمية اتقان الدولية,privée,Les écoles internationales,مدرسة تطبّق المناهج الدولية,روضة + ابتدائي + اعدادي,,منهج IB,,,بلدية الظعاين,70,جريان جنيحات,,,25.41805602,51.43471392
أكاديمية نيوتن العالمية,privée,Les écoles internationales,مدرسة تطبّق المناهج الدولية,جميع المراحل,,المنهج البريطاني,,,بلدية الظعاين,70,وادي البنات,,,25.39057671,51.48807629
المدرسة الفنلندية القطرية الدولية,privée,Les écoles internationales,مدرسة تطبّق المناهج الدولية,جميع المراحل,,المنهج الفنلندي,,,بلدية الظعاين,70,وادي البنات,,,25.40514336,51.45864927
روضة الضياء الدولية,privée,Les écoles internationales,مدرسة تطبّق المناهج الدولية,روضة,,المنهج البريطاني,,,بلدية الظعاين,70,العب,,,25.38982794,51.45310798
روضة الغد المشرق,privée,Les écoles internationales,مدرسة تطبّق المناهج الدولية,روضة,,المنهج البريطاني,,,بلدية الظعاين,70,روضة الحمامة,,,25.42611161,51.45761923
روضة رواد المستقبل الدولية,privée,Les écoles internationales,مدرسة تطبّق المناهج الدولية,روضة,,المنهج البريطاني,,,بلدية الظعاين,70,روضة الحمامة,,,25.43029256,51.44382486
مدرسة الفرسان الخاصة,privée,Les écoles internationales,مدرسة تطبّق المناهج الدولية,جميع المراحل,,المنهج البريطاني,,,بلدية الظعاين,70,العب,,,25.39377117,51.45562395
مدرسة لندن الدولية قطر الخاصة,privée,Les écoles internationales,مدرسة تطبّق المناهج الدولية,جميع المراحل,,منهج IB,,,بلدية الظعاين,70,العب,,,25.39840953,51.45039169
المدرسة الثانوية العسكرية,privée,Les écoles internationales,مدرسة تطبّق المناهج الدولية,ثانوي,,المنهج البريطاني,,,بلدية ام صلال,71,بو حصيه,,,25.46415549,51.36187754
روضة روبين,privée,Les écoles internationales,مدرسة تطبّق المناهج الدولية,روضة,,المنهج البريطاني,,,بلدية ام صلال,71,ام العمد,,,25.48985517,51.40053684
روضة منارة الدوحة الإنجليزية الخاصة,privée,Les écoles internationales,مدرسة تطبّق المناهج الدولية,جميع المراحل,,المنهج البريطاني,,,بلدية ام صلال,71,ام صلال محمد,,,25.42087316,51.41645105
المدرسة الإنجليزية الحديثة - فرع الخور,privée,Les écoles internationales,مدرسة تطبّق المناهج الدولية,جميع المراحل,,المنهج البريطاني,,,بلدية الخور و الذخيرة,74,الخور,,,25.713548880852116,51.516475783679226
المدرسة الانجليزية الحديثة الخاصة - فرع الخور,privée,Les écoles internationales,مدرسة تطبّق المناهج الدولية,جميع المراحل,,المنهج البريطاني,,,بلدية الخور و الذخيرة,74,ام اعنيق,,,25.71345849,51.51816473
مدرسة الخور الدولية الخاصة - المنهج البريطاني,privée,Les écoles internationales,مدرسة تطبّق المناهج الدولية,جميع المراحل,,المنهج البريطاني,,,بلدية الخور و الذخيرة,74,الخور,,,25.67925087,51.5132488
روضة القادة العالمية,privée,Les écoles internationales,مدرسة تطبّق المناهج الدولية,روضة,,المنهج البريطاني,,,بلدية الريان,81,مبيريك,,,25.18852031,51.38310864
الروضة الإنجليزية الحديثة,privée,Les écoles internationales,مدرسة تطبّق المناهج الدولية,روضة,,المنهج البريطاني,,,بلدية الوكرة,90,الوكرة,,,25.19081654,51.6099157
المدرسة الإنجليزية الحديثة- فرع الوكرة,privée,Les écoles internationales,مدرسة تطبّق المناهج الدولية,روضة + ابتدائي,,المنهج البريطاني,,,بلدية الوكرة,90,الوكرة,,,25.18013841,51.60672619
المدرسة الإنجليزية الحديثة - الوكرة كي جي,privée,Les écoles internationales,مدرسة تطبّق المناهج الدولية,روضة,,المنهج البريطاني,,,بلدية الوكرة,90,الوكرة,,,25.1573824,51.5870991
روضة الشموخ للامتياز الدولية - الوكرة,privée,Les écoles internationales,مدرسة تطبّق المناهج الدولية,روضة,,المنهج البريطاني,,,بلدية الوكرة,90,الوكرة,,,25.14598066,51.58905177
روضة المدينة الدولية,privée,Les écoles internationales,مدرسة تطبّق المناهج الدولية,روضة,,المنهج البريطاني,,,بلدية الوكرة,90,الوكرة,,,25.14891557,51.60339247
روضة جيل المستقبل,privée,Les écoles internationales,مدرسة تطبّق المناهج الدولية,روضة,,المنهج البريطاني,,,بلدية الوكرة,90,الوكرة,,,25.17896686,51.59242301
روضة زهور المستقبل الدولية,privée,Les écoles internationales,مدرسة تطبّق المناهج الدولية,روضة,,المنهج البريطاني,,,بلدية الوكرة,90,الوكرة,,,25.1494659,51.59251073
روضة سفير الدولية,privée,Les écoles internationales,مدرسة تطبّق المناهج الدولية,روضة,,المنهج البريطاني,,,بلدية الوكرة,90,الوكرة,,,25.15462995,51.58165796
مدرسة الجيل القادم الخاصة – الوكرة,privée,Les écoles internationales,مدرسة تطبّق المناهج الدولية,اعدادي + ثانوي,,المنهج البريطاني,,,بلدية الوكرة,90,الوكرة,,,25.19080417,51.59543438
روضة الجيل القادم الخاصة - فرع المشاف,privée,Les écoles internationales,مدرسة تطبّق المناهج الدولية,روضة,,المنهج البريطاني,,,بلدية الوكرة,91,الوكير,,,25.16457654,51.53448393
روضة باك شمعه - فرع المشاف,privée,Les écoles internationales,مدرسة تطبّق المناهج الدولية,روضة,,المنهج البريطاني,,,بلدية الوكرة,91,المشاف,,,25.17502345,51.57840577
مدرسة ألفا كمبردج,privée,Les écoles internationales,مدرسة تطبّق المناهج الدولية,جميع المراحل,,المنهج البريطاني,,,بلدية الوكرة,91,المشاف,,,25.18536024,51.56367083
مدرسة باك شمعة الخاصة - المشاف,privée,Les écoles internationales,مدرسة تطبّق المناهج الدولية,جميع المراحل,,المنهج البريطاني,,,بلدية الوكرة,91,المشاف,,,25.17476979,51.57343711
مدرسة بيتا كمبرج,privée,Les écoles internationales,مدرسة تطبّق المناهج الدولية,ابتدائي,,المنهج البريطاني,,,بلدية الوكرة,92,مسيعيد 92,,,25.00458504,51.54249451
مدرسة السلم الثانية,privée,"école privées, programme quatari",مدرسة تطبّق المنهج القطري,ابتدائي + اعدادي + ثانوي,,,,,بلدية الدوحه,17,الرفاع,,,25.28445001,51.54182562
روضة قطر الحديثة الخاصة,privée,"école privées, programme quatari",مدرسة تطبّق المنهج القطري,ابتدائي,,,,,بلدية الدوحه,31,ام لخبا,,,25.34517076,51.47698712
مدرسة الفتاة المسلمة الإعدادية الخاصة للبنات,privée,"école privées, programme quatari",مدرسة تطبّق المنهج القطري,اعدادي,,,,,بلدية الدوحه,31,ام لخبا,,,25.34517076,51.47698712
روضة الجيل الجديد الخاصة,privée,"école privées, programme quatari",مدرسة تطبّق المنهج القطري,روضة,,,,,بلدية الدوحه,39,السد 39,,,25.27697811,51.48913918
روضة النور الخاصة للغات – النعيجة,privée,"école privées, programme quatari",مدرسة تطبّق المنهج القطري,روضة,,,,,بلدية الدوحه,41,نعيجة 41,,,25.26190437,51.5327459
مدرسة الفلاح الخاصة الابتدائية للبنين,privée,"école privées, programme quatari",مدرسة تطبّق المنهج القطري,ابتدائي,,,,,بلدية الدوحه,41,نعيجة 41,,,25.25523738,51.52898805
روضة السلام الخاصة,privée,"école privées, programme quatari",مدرسة تطبّق المنهج القطري,روضة,,,,,بلدية الدوحه,43,المعمورة 43,,,25.25346024,51.49689395
روضة الياسمين الخاصة,privée,"école privées, programme quatari",مدرسة تطبّق المنهج القطري,روضة,,,,,بلدية الريان,52,اللقطة,,,25.31742913,51.46541753
روضة نيسب الخاصة,privée,"école privées, programme quatari",مدرسة تطبّق المنهج القطري,روضة,,,,,بلدية الريان,52,لبديع,,,25.31315393,51.45587152
مدرسة افاق الابتدائية الخاصة,privée,"école privées, programme quatari",مدرسة تطبّق المنهج القطري,ابتدائي,,,,,بلدية الريان,52,اللقطة,,,25.31675992,51.46441792
مدرسة الفرقان الإعدادية الخاصة للبنين,privée,"école privées, programme quatari",مدرسة تطبّق المنهج القطري,اعدادي,,,,,بلدية الريان,52,اللقطة,,,25.31558713,51.46365011
مدرسة الفرقان الابتدائية الخاصة للبنين,privée,"école privées, programme quatari",مدرسة تطبّق المنهج القطري,ابتدائي,,,,,بلدية الريان,52,اللقطة,,,25.31676039,51.46355298
مدرسة الفرقان الثانوية الخاصة للبنين,privée,"école privées, programme quatari",مدرسة تطبّق المنهج القطري,ثانوي,,,,,بلدية الريان,52,اللقطة,,,25.31558713,51.46365011
روضة الزهراء الخاصة,privée,"école privées, programme quatari",مدرسة تطبّق المنهج القطري,روضة,,,,,بلدية الريان,53,الريان الجديد,,,25.28408984,51.4107493
روضة الفيصل الخاصة,privée,"école privées, programme quatari",مدرسة تطبّق المنهج القطري,روضة,,,,,بلدية الريان,53,معيذر 53,,,25.26721786,51.42141349
مدرسة الريان الخاصة بنين - بنات,privée,"école privées, programme quatari",مدرسة تطبّق المنهج القطري,جميع المراحل,,,,,بلدية الريان,53,الريان الجديد,,,25.29460069,51.44263935
مدرسة المجتمع الابتدائية الإعدادية الثانوية الخاصة للبنات,privée,"école privées, programme quatari",مدرسة تطبّق المنهج القطري,ابتدائي + اعدادي + ثانوي,,,,,بلدية الريان,54,بعيا,,,25.27414745,51.43963845
روضة النور الخاصة للغات - الوعب,privée,"école privées, programme quatari",مدرسة تطبّق المنهج القطري,روضة,,,,,بلدية الريان,55,الوعب,,,25.2523746,51.46735288
مدرسة النور الخاصة للغات,privée,"école privées, programme quatari",مدرسة تطبّق المنهج القطري,ابتدائي + اعدادي,,,,,بلدية الريان,55,الوعب,,,25.2523746,51.46735288
روضة بيت الجدة والمرح,privée,"école privées, programme quatari",مدرسة تطبّق المنهج القطري,روضة,,,,,بلدية الريان,56,ام السنيم,,,25.21319293,51.45546459
مدرسة التمكن الشاملة,privée,"école privées, programme quatari",مدرسة تطبّق المنهج القطري,جميع المراحل,,,,,بلدية الريان,56,عين خالد,,,25.21753495,51.44532083
روضة النعمان الخاصة,privée,"école privées, programme quatari",مدرسة تطبّق المنهج القطري,روضة,,,,,بلدية الدوحه,67,حزم المرخية,,,25.3363699,51.48455178
روضة الخزامى الخاصة,privée,"école privées, programme quatari",مدرسة تطبّق المنهج القطري,روضة,,,,,بلدية الدوحه,68,جليعة,,,25.355483,51.4943457
الأندلس الاعدادية بنين,privée,"école privées, programme quatari",مدرسة تطبّق المنهج القطري,اعدادي,,,,,بلدية الظعاين,70,المسروحية,,,25.45943261,51.46525219
الأندلس الثانوية الخاصة للبنين,privée,"école privées, programme quatari",مدرسة تطبّق المنهج القطري,ثانوي,,,,,بلدية الظعاين,70,المسروحية,,,25.45943261,51.46525219
روضة البشائر الخاصة,privée,"école privées, programme quatari",مدرسة تطبّق المنهج القطري,ابتدائي,,,,,بلدية الظعاين,70,المسروحية,,,25.45943261,51.46525219
مدرسة الأندلس الخاصة للبنات,privée,"école privées, programme quatari",مدرسة تطبّق المنهج القطري,روضة,,,,,بلدية ام صلال,71,ام عبيرية,,,25.48239918,51.38362281
مدرسة السلم الخامسة,privée,"école privées, programme quatari",مدرسة تطبّق المنهج القطري,ابتدائي + اعدادي + ثانوي,,,,,بلدية ام صلال,71,بو فسيلة,,,25.45136249,51.40775302
روضة الخزامى الخاصة - فرع الخور,privée,"école privées, programme quatari",مدرسة تطبّق المنهج القطري,روضة,,,,,بلدية الخور و الذخيرة,74,الخور,,,25.68242539,51.48544476
روضة الرسالة الخاصة,privée,"école privées, programme quatari",مدرسة تطبّق المنهج القطري,روضة,,,,,بلدية الخور و الذخيرة,74,الخور,,,25.67037987,51.49592391
روضة براعم الخور الخاصة,privée,"école privées, programme quatari",مدرسة تطبّق المنهج القطري,روضة,,,,,بلدية الخور و الذخيرة,74,الخور,,,25.68084004,51.48823439
روضة دانة الشمال الخاصة,privée,"école privées, programme quatari",مدرسة تطبّق المنهج القطري,روضة,,,,,بلدية الشمال,79,الرويس,,,26.13513806,51.2192779
روضة البستان الخاصة,privée,"école privées, programme quatari",مدرسة تطبّق المنهج القطري,روضة,,,,,بلدية الوكرة,90,الوكرة,,,25.18131526,51.60094096
المدرسة اللبنانية - فرع الهتمي القديم,privée,écoles privées pour différentes nationalités,مدارس الجاليات,روضة + ابتدائي,,المنهج اللبناني,,,بلدية الدوحه,17,الرفاع,,,25.2859035,51.54269349
روضة العود الأخضر العالمية,privée,écoles privées pour différentes nationalités,مدارس الجاليات,ابتدائي,,المنهج الهندي,,,بلدية الدوحه,43,نعيجة 43,,,25.25272902,51.51066205
المدرسة الإيرانية الابتدائية الإعدادية الثانوية للبنات,privée,écoles privées pour différentes nationalités,مدارس الجاليات,جميع المراحل,,المنهج الايراني,,,بلدية الدوحه,44,نعيجة 44,,,25.24324843,51.54179771
مدرسة الزيتون الابتدائية الخاصة,privée,écoles privées pour différentes nationalités,مدارس الجاليات,ابتدائي,,المنهج الهندي,,,بلدية الدوحه,44,نعيجة 44,,,25.24129842,51.52519143
روضة حقل الربيع الخاصة - فرع المطار,privée,écoles privées pour différentes nationalités,مدارس الجاليات,ابتدائي + اعدادي + ثانوي,,المنهج الهندي,,,بلدية الدوحه,47,الثمامة 47,,,25.23963507,51.553939
روضة ومدرسة العود الأخضر العالمية,privée,écoles privées pour différentes nationalités,مدارس الجاليات,روضة + ابتدائي,,المنهج الهندي,,,بلدية الدوحه,47,الثمامة 47,,,25.23353006,51.57229757
مدرسة بيرل - الثمامة,privée,écoles privées pour différentes nationalités,مدارس الجاليات,ابتدائي,,المنهج السوري,,,بلدية الريان,51,غرافة الريان,,,25.3294904,51.4121257
المدرسة التونسية الإعدادية الثانوية بالدوحة,privée,écoles privées pour différentes nationalités,مدارس الجاليات,ابتدائي,,المنهج السوري,,,بلدية الريان,52,اللقطة,,,25.31612231,51.46932535
روضة العلماء الدولية,privée,écoles privées pour différentes nationalités,مدارس الجاليات,روضة,,المنهج المصري,,,بلدية الريان,53,الريان الجديد,,,25.29935476,51.41145458
مدرسة العلماء الابتدائية الدولية الخاصة,privée,écoles privées pour différentes nationalités,مدارس الجاليات,ابتدائي,,المنهج الهندي,,,بلدية الريان,53,معيذر 53,,,25.2717759,51.42505199
مدرسة جاليليو العالمية,privée,écoles privées pour différentes nationalités,مدارس الجاليات,روضة + ابتدائي,,المنهج التونسي,,,بلدية الريان,55,معيذر 55,,,25.26668642,51.42419792
روضة القاهرة الخاصة,privée,écoles privées pour différentes nationalités,مدارس الجاليات,روضة,,المنهج المصري,,,بلدية الريان,55,العزيزية,,,25.24873074,51.43872684
مدرسة القاهرة الخاصة بنين - بنات,privée,écoles privées pour différentes nationalités,مدارس الجاليات,ابتدائي + اعدادي + ثانوي,,المنهج المصري,,,بلدية الريان,55,العزيزية,,,25.24879254,51.43869442
الروضة التونسية بالدوحة,privée,écoles privées pour différentes nationalités,مدارس الجاليات,روضة,,المنهج التونسي,,,بلدية الريان,56,المعمورة 56,,,25.24711448,51.49893651
المدارس الأردنية للبنات والبنين,privée,écoles privées pour différentes nationalités,مدارس الجاليات,جميع المراحل,,المنهج الأردني,,,بلدية الريان,56,عين خالد,,,25.23269778,51.46303047
المدارس الفلسطينية بنين- بنات,privée,écoles privées pour différentes nationalités,مدارس الجاليات,جميع المراحل,,المنهج الفلسطيني,,,بلدية الريان,56,بو هامور,,,25.2220641,51.49569895
المدرسة الإيرانية الإعدادية الثانوية للبنين,privée,écoles privées pour différentes nationalités,مدارس الجاليات,اعدادي + ثانوي,,المنهج الايراني,,,بلدية الريان,56,بو هامور,,,25.22913893,51.50000678
المدرسة الإيرانية الابتدائية للبنين,privée,écoles privées pour différentes nationalités,مدارس الجاليات,روضة + ابتدائي,,المنهج الايراني,,,بلدية الريان,56,بو هامور,,,25.22913893,51.50000678
المدرسة الباكستانية الدولية,privée,écoles privées pour différentes nationalités,مدارس الجاليات,جميع المراحل,,المنهج الباكستاني,,,بلدية الريان,56,بو هامور,,,25.23154513,51.50135091
المدرسة التونسية الابتدائية بالدوحة,privée,écoles privées pour différentes nationalités,مدارس الجاليات,روضة + ابتدائي,,المنهج التونسي,,,بلدية الريان,56,بو هامور,,,25.23062881,51.49180907
المدرسة التونسية بالدوحة - فرع المعمورة,privée,écoles privées pour différentes nationalités,مدارس الجاليات,ابتدائي,,المنهج التونسي,,,بلدية الريان,56,بو هامور,,,25.25137564,51.48557906
المدرسة السودانية - بنين - بنات,privée,écoles privées pour différentes nationalités,مدارس الجاليات,جميع المراحل,,المنهج السوداني,,,بلدية الريان,56,بو هامور,,,25.22340053,51.49682475
المدرسة الفلبينية الدولية الخاصة,privée,écoles privées pour différentes nationalités,مدارس الجاليات,جميع المراحل,,المنهج الفلبيني,,,بلدية الريان,56,عين خالد,,,25.21797991,51.44161241
المدرسة الفلبينية بالدوحة,privée,écoles privées pour différentes nationalités,مدارس الجاليات,جميع المراحل,,المنهج الفلبيني,,,بلدية الريان,56,مسيمير,,,25.21051961,51.52081456
المدرسة المصرية للغات الخاصة,privée,écoles privées pour différentes nationalités,مدارس الجاليات,جميع المراحل,,المنهج المصري,,,بلدية الريان,56,المعمورة 56,,,25.24722185,51.50069907
المدرسة الهندية الإسلامية الخاصة,privée,écoles privées pour différentes nationalités,مدارس الجاليات,جميع المراحل,,المنهج الهندي,,,بلدية الريان,56,المعمورة 56,,,25.23799791,51.50731067
المدرسة الهندية المثالية الخاصة,privée,écoles privées pour différentes nationalités,مدارس الجاليات,جميع المراحل,,المنهج الهندي,,,بلدية الريان,56,بو هامور,,,25.22270125,51.50054885
روضة الزيتون الخاصة,privée,écoles privées pour différentes nationalités,مدارس الجاليات,روضة,,المنهج الهندي,,,بلدية الريان,56,بو هامور,,,25.23298821,51.48136823
مدرسة أطفال الغد الابتدائية,privée,écoles privées pour différentes nationalités,مدارس الجاليات,جميع المراحل,,المنهج التركي,,,بلدية الريان,56,عين خالد,,,25.23478345,51.46939143
مدرسة الدوحة الهندية الحديثة الخاصة,privée,écoles privées pour différentes nationalités,مدارس الجاليات,جميع المراحل,,المنهج الهندي,,,بلدية الريان,56,المعمورة 56,,,25.2364896,51.50140301
مدرسة باك شمعة الخاصة,privée,écoles privées pour différentes nationalités,مدارس الجاليات,جميع المراحل,,المنهج الهندي,,,بلدية الريان,56,مسيمير,,,25.21107155,51.52296764
مدرسة راجا غيري الشعبية,privée,écoles privées pour différentes nationalités,مدارس الجاليات,جميع المراحل,,المنهج البنغلاديشي,,,بلدية الريان,56,بو هامور,,,25.22369652,51.49373475
مدرسة نوبل الدولية الإعدادية,privée,écoles privées pour différentes nationalités,مدارس الجاليات,اعدادي,,المنهج الهندي,,,بلدية الريان,56,ام السنيم,,,25.20875716,51.46868264
مدرسة نوبل الدولية الخاصة,privée,écoles privées pour différentes nationalités,مدارس الجاليات,ابتدائي,,المنهج الهندي,,,بلدية الريان,56,بو هامور,,,25.2314131,51.4947427
المدرسة اللبنانية الخاصة,privée,écoles privées pour différentes nationalités,مدارس الجاليات,جميع المراحل,,المنهج اللبناني,,,بلدية الدوحه,63,عنيزة 63,,,25.32762059,51.52144149
مدرسة بيرل - الدفنة,privée,écoles privées pour différentes nationalités,مدارس الجاليات,روضة + ابتدائي + اعدادي,,المنهج الهندي,,,بلدية الدوحه,66,لقطيفية,,,25.36992466,51.49791508
روضة سمارت انترناشيونال,privée,écoles privées pour différentes nationalités,مدارس الجاليات,روضة,,المنهج الهندي,,,بلدية ام صلال,71,الخريطيات,,,25.37348887,51.43921281
مدرسة الزيتون الدولية –فرع ام صلال,privée,écoles privées pour différentes nationalités,مدارس الجاليات,ابتدائي + اعدادي + ثانوي,,المنهج الهندي,,,بلدية ام صلال,71,ام صلال علي,,,25.47604808,51.39662656
روضة الوطن الخاصة,privée,écoles privées pour différentes nationalités,مدارس الجاليات,روضة,,المنهج الهندي,,,بلدية الخور و الذخيرة,74,الخور,,,25.68396983,51.49425133
مدرسة الخور الدولية الخاصة - المنهج الهندي,privée,écoles privées pour différentes nationalités,مدارس الجاليات,جميع المراحل,,المنهج الهندي,,,بلدية الخور و الذخيرة,74,ام اعنيق,,,25.71441844,51.53224635
مدرسة الجالية الاثيوبية الدولية - بالدوحة,privée,écoles privées pour différentes nationalités,مدارس الجاليات,روضة + ابتدائي,,المنهج الإثيوبي,,,بلدية الشيحانية,80,الشيحانية,,,25.37015869,51.22630458
المدرسة الهندية الحديثة الخاصة,privée,écoles privées pour différentes nationalités,مدارس الجاليات,جميع المراحل,,المنهج الهندي,,,بلدية الوكرة,90,الوكرة,,,25.17402457,51.60306118
روضة الزهرة الصغيرة الخاصة,privée,écoles privées pour différentes nationalités,مدارس الجاليات,روضة,,المنهج الهندي,,,بلدية الوكرة,90,الوكرة,,,25.1483845,51.60892143
روضة حقل الربيع الخاصة - فرع الوكرة,privée,écoles privées pour différentes nationalités,مدارس الجاليات,روضة,,المنهج الهندي,,,بلدية الوكرة,90,الوكرة,,,25.17566923,51.5981135
روضة ومدرسة القاهرة الابتدائية الإعدادية,privée,écoles privées pour différentes nationalités,مدارس الجاليات,جميع المراحل,,المنهج الهندي,,,بلدية الوكرة,90,الوكرة,,,25.18206406,51.60038163
مدرسة حقل الربيع الابتدائية,privée,écoles privées pour différentes nationalités,مدارس الجاليات,جميع المراحل,,المنهج الهندي,,,بلدية الوكرة,91,ام بشر,,,25.18766824,51.56263736
مدرسة دار السلام الهندية الخاصة,privée,écoles privées pour différentes nationalités,مدارس الجاليات,جميع المراحل,,المنهج الهندي,,,بلدية الوكرة,91,الوكير,,,25.14908106,51.53410238
مدرسة نوبل الدولية – فرع الوكير,privée,écoles privées pour différentes nationalités,مدارس الجاليات,ابتدائي + اعدادي + ثانوي,,المنهج الهندي,,,بلدية الوكرة,91,المشاف,,,25.18004609,51.56931335
أكاديمية أمجاد الدولية,privée,écoles privées pour différentes nationalités,مدارس القسائم التعليمية,ابتدائي,,المعايير الوطنية,,,بلدية الدوحه,31,ام لخبا,,,25.34517076,51.47698712
مدرسة الفرقان الابتدائية الخاصة للبنين,privée,écoles privées pour différentes nationalités,مدارس القسائم التعليمية,ابتدائي,,المنهج البريطاني,,,بلدية الوكرة,92,مسيعيد 92,,,25.00458504,51.54249451
مدرسة المجتمع الابتدائية الإعدادية الثانوية الخاصة للبنات,privée,écoles privées pour différentes nationalités,مدارس القسائم التعليمية,ابتدائي + اعدادي + ثانوي,,"منهج IB, المنهج البريطاني",,,بلدية الدوحه,32,دحل الحمام,,,25.32920315,51.47807016
