id,name,name_arabic,type,subtype,block,governorate,longitude,latitude,school_sector
1,ABU BAKER AL SIDDIQ PRIMARY BOYS SCHOOL,مدرسة أبو بكر الصديق الابتدائية للبنين,EDUCATIONAL INSTITUTIONS,PUBLIC SCHOOLS - BOYS,301,CAPITAL,50.57861342,26.22581514,PUBLIC
2,FATIMAH AL ZAHRA' PRIMARY GIRLS SCHOOL,مدرسة فاطمة الزهراء الابتدائية للبنات,EDUCATIONAL INSTITUTIONS,PUBLIC SCHOOLS - GIRLS,301,CAPITAL,50.57974531,26.23013494,PUBLIC
3,ʻAISHA UMM AL MOAMININ PRIMARY GIRLS SCHOOL,مدرسة عائشة أم المؤمنين الابتدائية للبنات,EDUCATIONAL INSTITUTIONS,PUBLIC SCHOOLS - GIRLS,305,CAPITAL,50.58136933,26.2329471,PUBLIC
4,ALRASHEED PRIMARY BOYS SCHOOL,مدرسة الرشيد الابتدائية للبنين,EDUCATIONAL INSTITUTIONS,PUBLIC SCHOOLS - BOYS,305,CAPITAL,50.58120597,26.23379183,PUBLIC
5,SAKINAH BINT ALHUSSAIN PRIMARY GIRLS SCHOOL,مدرسة سكينة بنت الحسين الابتدائية للبنات,EDUCATIONAL INSTITUTIONS,PUBLIC SCHOOLS - GIRLS,306,CAPITAL,50.58520842,26.23736055,PUBLIC
6,AL MAMOON PRIMARY BOYS SCHOOL,مدرسة المأمون الابتدائية للبنين,EDUCATIONAL INSTITUTIONS,PUBLIC SCHOOLS - BOYS,307,CAPITAL,50.58659156,26.22929291,PUBLIC
7,ALMUTANABI PRIMARY BOYS SCHOOL,مدرسة المتنبي الابتدائية للبينن,EDUCATIONAL INSTITUTIONS,PUBLIC SCHOOLS - BOYS,308,CAPITAL,50.58407644,26.22466193,PUBLIC
8,RABEAA ALADAWIYA PRIMARY GIRLS SCHOOL,مدرسة رابعة العدوية الابتدائية للبنات,EDUCATIONAL INSTITUTIONS,PUBLIC SCHOOLS - GIRLS,308,CAPITAL,50.58742825,26.22454585,PUBLIC
9,ALSALMANIYA PRIMARY GIRLS SCHOOL,مدرسة السلمانية الابتدائية للبنات,EDUCATIONAL INSTITUTIONS,PUBLIC SCHOOLS - GIRLS,311,CAPITAL,50.57189781,26.22057653,PUBLIC
10,SUMAYAH PRIMARY GIRLS SCHOOL,مدرسة سمية الابتدائية للبنات,EDUCATIONAL INSTITUTIONS,PUBLIC SCHOOLS - GIRLS,312,CAPITAL,50.56825257,26.22358686,PUBLIC
11,HATTEEN PRIMARY BOYS SCHOOL,مدرسة حطين الابتدائية للبنين,EDUCATIONAL INSTITUTIONS,PUBLIC SCHOOLS - BOYS,313,CAPITAL,50.56430057,26.22469245,PUBLIC
12,UMM AYMAN PRIMARY GIRLS SCHOOL,مدرسة أم أيمن الابتدائية للبنات,EDUCATIONAL INSTITUTIONS,PUBLIC SCHOOLS - GIRLS,318,CAPITAL,50.59021554,26.2320358,PUBLIC
13,QUDAYBIYAH PRIMARY & INTERMEDIATE BOYS SCHOOL,مدرسة القضيبية الابتدائية الاعدادية للبنين,EDUCATIONAL INSTITUTIONS,PUBLIC SCHOOLS - BOYS,325,CAPITAL,50.59226245,26.22086847,PUBLIC
14,AL ALAA AL HADHRAMI PRIMARY BOYS SCHOOL,مدرسة العلاء الحضرمي الابتدائية للبنين,EDUCATIONAL INSTITUTIONS,PUBLIC SCHOOLS - BOYS,328,CAPITAL,50.57564472,26.2153987,PUBLIC
15,UMM ALHASSAM PRIMARY BOYS SCHOOL,مدرسة أم الحصم الابتدائية للبنين,EDUCATIONAL INSTITUTIONS,PUBLIC SCHOOLS - BOYS,337,CAPITAL,50.59458639,26.20496812,PUBLIC
16,AL QUDS PRIMARY GIRLS SCHOOL,مدرسة القدس الابتدائية للبنات,EDUCATIONAL INSTITUTIONS,PUBLIC SCHOOLS - GIRLS,342,CAPITAL,50.60043155,26.20680199,PUBLIC
17,THE PRIMARY RELIGIOUS INSTITUTE,المعهد الديني الابتدائي,EDUCATIONAL INSTITUTIONS,PUBLIC SCHOOLS - BOYS,345,CAPITAL,50.60828447,26.21268721,PUBLIC
18,ALBILAD ALQADIM PRIMARY GIRLS SCHOOL,مدرسة البلاد القديم الابتدائية للبنات,EDUCATIONAL INSTITUTIONS,PUBLIC SCHOOLS - GIRLS,362,CAPITAL,50.55494936,26.20540226,PUBLIC
19,AL KHAMIS PRIMARY BOYS SCHOOL,مدرسة الخميس الابتدائية للبنين,EDUCATIONAL INSTITUTIONS,PUBLIC SCHOOLS - BOYS,365,CAPITAL,50.54938484,26.20665601,PUBLIC
20,AL NABIH SALEH PRIMARY GIRLS SCHOOL,مدرسة النبيه صالح الابتدائية للبنات,EDUCATIONAL INSTITUTIONS,PUBLIC SCHOOLS - GIRLS,380,CAPITAL,50.58490308,26.18403722,PUBLIC
21,AL JAZEERAH PRIMARY BOYS SCHOOL,مدرسة الجزيرة الابتدائية للبنين,EDUCATIONAL INSTITUTIONS,PUBLIC SCHOOLS - BOYS,382,CAPITAL,50.58280336,26.18488304,PUBLIC
22,ALSANABIS PRIMARY GIRLS SCHOOL,مدرسة السنابس الابتدائية للبنات,EDUCATIONAL INSTITUTIONS,PUBLIC SCHOOLS - GIRLS,404,CAPITAL,50.54320255,26.2211816,PUBLIC
23,ALSANABIS PRIMARY BOYS SCHOOL,مدرسة السنابس الابتدائية للبنين,EDUCATIONAL INSTITUTIONS,PUBLIC SCHOOLS - BOYS,408,CAPITAL,50.54445072,26.22486927,PUBLIC
24,AL DAIH PRIMARY & INTERMEDIATE GIRLS SCHOOL,مدرسة الديه الابتدائية الاعدادية للبنات,EDUCATIONAL INSTITUTIONS,PUBLIC SCHOOLS - GIRLS,414,CAPITAL,50.53472533,26.22566115,PUBLIC
25,AL RAZI PRIMARY BOYS SCHOOL,مدرسة الرازي الابتدائية للبنين,EDUCATIONAL INSTITUTIONS,PUBLIC SCHOOLS - BOYS,414,CAPITAL,50.53563746,26.22578942,PUBLIC
26,AL SALAM PRIMARY GIRLS SCHOOL,مدرسة السلام الابتدائية للبنات,EDUCATIONAL INSTITUTIONS,PUBLIC SCHOOLS - GIRLS,422,CAPITAL,50.53271014,26.221137,PUBLIC
27,JIDHAFS PRIMARY BOYS SCHOOL,مدرسة جدحفص الابتدائية للبنين,EDUCATIONAL INSTITUTIONS,PUBLIC SCHOOLS - BOYS,425,CAPITAL,50.53618295,26.21679722,PUBLIC
28,SITRA PRIMARY GIRLS SCHOOL,مدرسة سترة الابتدائية للبنات,EDUCATIONAL INSTITUTIONS,PUBLIC SCHOOLS - GIRLS,604,CAPITAL,50.60760573,26.16924734,PUBLIC
29,SITRA PRIMARY BOYS SCHOOL,مدرسة سترة الابتدائية للبنين,EDUCATIONAL INSTITUTIONS,PUBLIC SCHOOLS - BOYS,605,CAPITAL,50.6171993,26.16135208,PUBLIC
30,AL QADISIYAH PRIMARY GIRLS SCHOOL,مدرسة القادسية الابتدائية للبنات,EDUCATIONAL INSTITUTIONS,PUBLIC SCHOOLS - GIRLS,606,CAPITAL,50.61246805,26.16439319,PUBLIC
31,AL YARMOUK PRIMARY BOYS SCHOOL,مدرسة اليرموك الابتدائية للبنين,EDUCATIONAL INSTITUTIONS,PUBLIC SCHOOLS - BOYS,607,CAPITAL,50.6220409,26.15576007,PUBLIC
32,GHARNATAH PRIMARY GIRLS SCHOOL,مدرسة غرناطة الابتدائية للبنات,EDUCATIONAL INSTITUTIONS,PUBLIC SCHOOLS - GIRLS,608,CAPITAL,50.619143,26.155265,PUBLIC
33,IBN AL NAFIS PRIMARY BOYS SCHOOL,مدرسة إبن النفيس الابتدائية للبنين,EDUCATIONAL INSTITUTIONS,PUBLIC SCHOOLS - BOYS,608,CAPITAL,50.6125767,26.15932209,PUBLIC
34,AL MAʻAMEER PRIMARY BOYS SCHOOL,مدرسة المعامير الابتدائية للبنين,EDUCATIONAL INSTITUTIONS,PUBLIC SCHOOLS - BOYS,624,CAPITAL,50.60738565,26.13995374,PUBLIC
35,AL MUNTHER BIN SAWI ALTEMEEMY PRIMARY BOYS SCHOOL,مدرسة المنذر بن ساوي التميمي الابتدائية للبنين,EDUCATIONAL INSTITUTIONS,PUBLIC SCHOOLS - BOYS,624,CAPITAL,50.60704113,26.13875984,PUBLIC
36,AL EMAM ALI BIN ABI TALEB PRIMARY & INTERMEDIATE BOYS SCHOOL,مدرسة الإمام علي بن أبي طالب الابتدائية الاعدادية للبنين,EDUCATIONAL INSTITUTIONS,PUBLIC SCHOOLS - BOYS,634,CAPITAL,50.61320674,26.13259811,PUBLIC
37,NUWAIDRAT PRIMARY GIRLS SCHOOL,مدرسة النويدرات الابتدائية للبنات,EDUCATIONAL INSTITUTIONS,PUBLIC SCHOOLS - GIRLS,644,CAPITAL,50.60075461,26.13560214,PUBLIC
38,UMM AL QURRA PRIMARY INTERMEDIATE GIRLS SCHOOL,مدرسة أم القرى الابتدائية الاعدادية للبنات,EDUCATIONAL INSTITUTIONS,PUBLIC SCHOOLS - GIRLS,644,CAPITAL,50.60222313,26.13817445,PUBLIC
39,TUBLI PRIMARY GIRLS SCHOOL,مدرسة توبلي الابتدائية للبنات,EDUCATIONAL INSTITUTIONS,PUBLIC SCHOOLS - GIRLS,705,CAPITAL,50.54801329,26.18173446,PUBLIC
40,TUBLI PRIMARY BOYS SCHOOL,مدرسة توبلي الابتدائية للبنين,EDUCATIONAL INSTITUTIONS,PUBLIC SCHOOLS - BOYS,709,CAPITAL,50.55174869,26.180253,PUBLIC
41,SANAD PRIMARY BOYS SCHOOL,مدرسة سند الابتدائية للبنين,EDUCATIONAL INSTITUTIONS,PUBLIC SCHOOLS - BOYS,743,CAPITAL,50.58003481,26.15233763,PUBLIC
42,SANAD PRIMARY GIRLS SCHOOL,مدرسة سند الابتدائية للبنات,EDUCATIONAL INSTITUTIONS,PUBLIC SCHOOLS - GIRLS,743,CAPITAL,50.57909285,26.1537424,PUBLIC
43,AMMAR BEN YASER PRIMARY BOYS SCHOOL,مدرسة عمار بن ياسر الابتدائية للبنين,EDUCATIONAL INSTITUTIONS,PUBLIC SCHOOLS - BOYS,815,CAPITAL,50.56934871,26.15982288,PUBLIC
44,BAIT AL HEKMA PRIMARY GIRLS SCHOOL,مدرسة بيت الحكمة الابتدائية للبنات,EDUCATIONAL INSTITUTIONS,PUBLIC SCHOOLS - GIRLS,816,CAPITAL,50.56898093,26.16235927,PUBLIC
45,HIDD PRIMARY & INTERMEDIATE BOYS SCHOOL,مدرسة الحد الابتدائية الاعدادية للبنين,EDUCATIONAL INSTITUTIONS,PUBLIC SCHOOLS - BOYS,102,MUHARRAQ,50.65646456,26.25043826,PUBLIC
46,HIDD PRIMARY BOYS SCHOOL,مدرسة الحد الابتدائية للبنبن,EDUCATIONAL INSTITUTIONS,PUBLIC SCHOOLS - BOYS,106,MUHARRAQ,50.65697105,26.24354782,PUBLIC
47,ASMAA THAT ALNETAQAIN PRIMARY GIRLS SCHOOL,مدرسة اسماء ذات النطاقين الابتدائية للبنات,EDUCATIONAL INSTITUTIONS,PUBLIC SCHOOLS - GIRLS,108,MUHARRAQ,50.65571764,26.23673803,PUBLIC
48,OMAR BIN AL KHATTAB PRIMARY & INTERMEDIATE BOYS SCHOOL,مدرسة عمر بن الخطاب الابتدائية الاعدادية للبنين,EDUCATIONAL INSTITUTIONS,PUBLIC SCHOOLS - BOYS,203,MUHARRAQ,50.60902836,26.25829677,PUBLIC
49,A'AMENA BINT WAHAB PRIMARY GIRLS SCHOOL,مدرسة آمنة بنت وهب الابتدائية للبنات,EDUCATIONAL INSTITUTIONS,PUBLIC SCHOOLS - GIRLS,207,MUHARRAQ,50.60543284,26.25546968,PUBLIC
50,HASAAN BIN THABIT PRIMARY BOYS SCHOOL,مدرسة حسان بن ثابت الابتدائية للبنين,EDUCATIONAL INSTITUTIONS,PUBLIC SCHOOLS - BOYS,207,MUHARRAQ,50.60550253,26.25460002,PUBLIC
51,ABU FERAS ALHAMADANY PRIMARY BOYS SCHOOL,مدرسة أبو فراس الحمداني الابتدائية للبنين,EDUCATIONAL INSTITUTIONS,PUBLIC SCHOOLS - BOYS,208,MUHARRAQ,50.61558379,26.25229108,PUBLIC
52,SHAIKH MUHAMMAD BIN ISA PRIMARY BOYS SCHOOL,مدرسة الشيخ محمد بن عيسى الابتدائية للبنين,EDUCATIONAL INSTITUTIONS,PUBLIC SCHOOLS - BOYS,209,MUHARRAQ,50.61285106,26.25376836,PUBLIC
53,ABDULRAHMAN AL NASSER PRIMARY & INTERMEDIATE BOYS SCHOOL,مدرسة عبدالرحمن الناصر الابتدائية الاعدادية للبنين,EDUCATIONAL INSTITUTIONS,PUBLIC SCHOOLS - BOYS,210,MUHARRAQ,50.6170688,26.24913817,PUBLIC
54,ABU AL AALA AL MAARI PRIMARY BOYS SCHOOL,مدرسة أبو العلاء المعري الابتدائية للبنين,EDUCATIONAL INSTITUTIONS,PUBLIC SCHOOLS - BOYS,210,MUHARRAQ,50.61845069,26.25437589,PUBLIC
55,AL MUHARRAQ PRIMARY GIRLS SCHOOL,مدرسة المحرق الابتدائية للبنات,EDUCATIONAL INSTITUTIONS,PUBLIC SCHOOLS - GIRLS,210,MUHARRAQ,50.61928629,26.25396697,PUBLIC
56,MARIAM BINT OMRAN PRIMARY GIRLS SCHOOL,مدرسة مريم بنت عمران الابتدائية للبنات,EDUCATIONAL INSTITUTIONS,PUBLIC SCHOOLS - GIRLS,211,MUHARRAQ,50.613504,26.25172701,PUBLIC
57,ABU AUBAYDAH AL JARRAH PRIMARY BOYS SCHOOL,مدرسة أبو عبيدة بن الجراح الابتدائية للبنين,EDUCATIONAL INSTITUTIONS,PUBLIC SCHOOLS - BOYS,213,MUHARRAQ,50.61414788,26.25112278,PUBLIC
58,OMAR BIN ABDULAZIZ PRIMARY BOYS SCHOOL,مدرسة عمر بن عبدالعزيز الابتدائية للبنبن,EDUCATIONAL INSTITUTIONS,PUBLIC SCHOOLS - BOYS,216,MUHARRAQ,50.61704356,26.24409342,PUBLIC
59,ZUBAIDA PRIMARY GIRLS SCHOOL,مدرسة زبيدة الابتدائية للبنات,EDUCATIONAL INSTITUTIONS,PUBLIC SCHOOLS - GIRLS,216,MUHARRAQ,50.61732635,26.24501966,PUBLIC
60,AL BUSAITEEN PRIMARY BOYS SCHOOL,مدرسة البسيتين الابتدائية للبنين,EDUCATIONAL INSTITUTIONS,PUBLIC SCHOOLS - BOYS,221,MUHARRAQ,50.60598727,26.26174982,PUBLIC
61,BUSAITEEN PRIMARY GIRLS SCHOOL,مدرسة البسيتين الابتدائية للبنات,EDUCATIONAL INSTITUTIONS,PUBLIC SCHOOLS - GIRLS,221,MUHARRAQ,50.60661622,26.26173829,PUBLIC
62,AL DAIR PRIMARY & INTERMEDIATE GIRLS SCHOOL,مدرسة الدير الابتدائية الاعدادية للبنات,EDUCATIONAL INSTITUTIONS,PUBLIC SCHOOLS - GIRLS,233,MUHARRAQ,50.62892032,26.28052359,PUBLIC
63,AL DAIR PRIMARY BOYS SCHOOL,مدرسة الدير الابتدائية للبنين,EDUCATIONAL INSTITUTIONS,PUBLIC SCHOOLS - BOYS,233,MUHARRAQ,50.62736526,26.28171702,PUBLIC
64,SAMAHEEJ PRIMARY & INTERMEDIATE BOYS SCHOOL,مدرسة سماهيج الابتدائية الاعدادية للبنين,EDUCATIONAL INSTITUTIONS,PUBLIC SCHOOLS - BOYS,236,MUHARRAQ,50.63976381,26.27635699,PUBLIC
65,ARAD PRIMARY GIRLS SCHOOL,مدرسة عراد الابتدائية للبنات,EDUCATIONAL INSTITUTIONS,PUBLIC SCHOOLS - GIRLS,240,MUHARRAQ,50.63207727,26.25761762,PUBLIC
66,AL KHAWAREZMY PRIMARY BOYS SCHOOL,مدرسة الخوارزمي الابتدائية للبنين,EDUCATIONAL INSTITUTIONS,PUBLIC SCHOOLS - BOYS,244,MUHARRAQ,50.64349541,26.25357513,PUBLIC
67,AL UROOBA PRIMARY GIRLS SCHOOL,مدرسة العروبة الابتدائية للبنات,EDUCATIONAL INSTITUTIONS,PUBLIC SCHOOLS - GIRLS,244,MUHARRAQ,50.64505901,26.24997227,PUBLIC
68,ARAD PRIMARY & INTERMEDIATE BOYS SCHOOL,مدرسة عراد الابتدائية الاعدادية للبنين,EDUCATIONAL INSTITUTIONS,PUBLIC SCHOOLS - BOYS,245,MUHARRAQ,50.63734962,26.2486028,PUBLIC
69,ARAD PRIMARY BOYS SCHOOL,مدرسة عراد الابتدائية للبنين,EDUCATIONAL INSTITUTIONS,PUBLIC SCHOOLS - BOYS,245,MUHARRAQ,50.63223849,26.24664027,PUBLIC
70,ROQUYA PRIMARY GIRLS SCHOOL,مدرسة رقية الابتدائية للبنات,EDUCATIONAL INSTITUTIONS,PUBLIC SCHOOLS - GIRLS,251,MUHARRAQ,50.65391662,26.27299479,PUBLIC
71,QALALI PRIMARY BOYS SCHOOL,مدرسة قلالي الابتدائية للبنين,EDUCATIONAL INSTITUTIONS,PUBLIC SCHOOLS - BOYS,254,MUHARRAQ,50.65548176,26.26815007,PUBLIC
72,AL SEHLA PRIMARY & INTERMEDIATE BOYS SCHOOL,مدرسة السهلة الابتدائية الاعدادية للبنين,EDUCATIONAL INSTITUTIONS,PUBLIC SCHOOLS - BOYS,439,NORTHERN,50.5283943,26.2035183,PUBLIC
73,AL SEHLA PRIMARY GIRLS SCHOOL,مدرسة السهلة الابتدائية للبنات,EDUCATIONAL INSTITUTIONS,PUBLIC SCHOOLS - GIRLS,439,NORTHERN,50.52849541,26.2027592,PUBLIC
74,KARRANAH PRIMARY GIRLS SCHOOL,مدرسة كرانة الابتدائية للبنات,EDUCATIONAL INSTITUTIONS,PUBLIC SCHOOLS - GIRLS,460,NORTHERN,50.51294267,26.22942928,PUBLIC
75,FATIMAH BINT ASAD PRIMARY GIRLS SCHOOL,مدرسة فاطمة بنت أسد الابتدائية للبنات,EDUCATIONAL INSTITUTIONS,PUBLIC SCHOOLS - GIRLS,463,NORTHERN,50.51189087,26.21478153,PUBLIC
76,ABU SAIBEA PRIMARY BOYS SCHOOL,مدرسة أبو صيبع الابتدائية للبنين,EDUCATIONAL INSTITUTIONS,PUBLIC SCHOOLS - BOYS,473,NORTHERN,50.50312144,26.21673151,PUBLIC
77,SAR PRIMARY BOYS SCHOOL,مدرسة سار الابتدائية للبنين,EDUCATIONAL INSTITUTIONS,PUBLIC SCHOOLS - BOYS,523,NORTHERN,50.4840844,26.19360956,PUBLIC
78,SAR PRIMARY GIRLS SCHOOL,مدرسة سار الابتدائية للبنات,EDUCATIONAL INSTITUTIONS,PUBLIC SCHOOLS - GIRLS,523,NORTHERN,50.48697025,26.19212744,PUBLIC
79,BAR BAR PRIMARY BOYS SCHOOL,مدرسة باربار الابتدائية للبنين,EDUCATIONAL INSTITUTIONS,PUBLIC SCHOOLS - BOYS,524,NORTHERN,50.47798306,26.22940199,PUBLIC
80,AL BUDAIYA PRIMARY BOYS SCHOOL,مدرسة البديع الابتدائية للبنين,EDUCATIONAL INSTITUTIONS,PUBLIC SCHOOLS - BOYS,541,NORTHERN,50.45747713,26.21301075,PUBLIC
81,HAJAR PRIMARY GIRLS SCHOOL,مدرسة هاجر الابتدائية للبنات,EDUCATIONAL INSTITUTIONS,PUBLIC SCHOOLS - GIRLS,541,NORTHERN,50.45698983,26.21230791,PUBLIC
82,AL DIRAZ PRIMARY GIRLS SCHOOL,مدرسة الدراز الابتدائية للبنات,EDUCATIONAL INSTITUTIONS,PUBLIC SCHOOLS - GIRLS,542,NORTHERN,50.46257819,26.22502276,PUBLIC
83,JABER BIN HAYAN PRIMARY BOYS SCHOOL,مدرسة جابر بن حيان الابتدائية للبنين,EDUCATIONAL INSTITUTIONS,PUBLIC SCHOOLS - BOYS,542,NORTHERN,50.46268651,26.22309145,PUBLIC
84,SHAIKH MUHAMMAD BIN KHALIFA AAL KHALIFA PRIMARY & INTERMEDIATE BOYS SCHOOL,مدرسة سمو الشيخ محمد بن خليفة آل خليفة الابتدائية الاعدادية للبنين,EDUCATIONAL INSTITUTIONS,PUBLIC SCHOOLS - BOYS,552,NORTHERN,50.4471882,26.21330522,PUBLIC
85,AL BUDAIYA PRIMARY & INTERMEDIATE GIRLS SCHOOL,مدرسة البديع الابتدائية الاعدادية للبنات,EDUCATIONAL INSTITUTIONS,PUBLIC SCHOOLS - GIRLS,555,NORTHERN,50.44886331,26.20904696,PUBLIC
86,SALIMABAD PRIMARY GIRLS SCHOOL,مدرسة سلماباد الابتدائية للبنات,EDUCATIONAL INSTITUTIONS,PUBLIC SCHOOLS - GIRLS,706,NORTHERN,50.5257593,26.18041748,PUBLIC
87,AʻALI PRIMARY BOYS SCHOOL,مدرسة عالي الابتدائية للبنين,EDUCATIONAL INSTITUTIONS,PUBLIC SCHOOLS - BOYS,732,NORTHERN,50.5323721,26.15055676,PUBLIC
88,AL DHIYAA PRIMARY BOYS SCHOOL,مدرسة الضياء الابتدائية للبنين,EDUCATIONAL INSTITUTIONS,PUBLIC SCHOOLS - BOYS,734,NORTHERN,50.52205286,26.15430623,PUBLIC
89,AʻALI PRIMARY GIRLS SCHOOL,مدرسة عالي الابتدائية للبنات,EDUCATIONAL INSTITUTIONS,PUBLIC SCHOOLS - GIRLS,736,NORTHERN,50.52668954,26.14934981,PUBLIC
90,AL SAFA PRIMARY GIRLS SCHOOL,مدرسة الصفا الابتدائية للبنات,EDUCATIONAL INSTITUTIONS,PUBLIC SCHOOLS - GIRLS,740,NORTHERN,50.51982691,26.161842,PUBLIC
91,BURI PRIMARY BOYS SCHOOL,مدرسة بوري الابتدائية للبنين,EDUCATIONAL INSTITUTIONS,PUBLIC SCHOOLS - BOYS,756,NORTHERN,50.49837538,26.14781751,PUBLIC
92,BURI PRIMARY GIRLS SCHOOL,مدرسة بوري الابتدائية للبنات,EDUCATIONAL INSTITUTIONS,PUBLIC SCHOOLS - GIRLS,756,NORTHERN,50.49841918,26.14694619,PUBLIC
93,AL JASRAH PRIMARY BOYS SCHOOL,مدرسة الجسرة الابتدائية للبنين,EDUCATIONAL INSTITUTIONS,PUBLIC SCHOOLS - BOYS,1004,NORTHERN,50.45464205,26.16185097,PUBLIC
94,BALQEES PRIMARY GIRLS SCHOOL,مدرسة بلقيس الابتدائية للبنات,EDUCATIONAL INSTITUTIONS,PUBLIC SCHOOLS - GIRLS,1022,NORTHERN,50.48076431,26.1219274,PUBLIC
95,KARZAKKAN PRIMARY BOYS SCHOOL,مدرسة كرزكان الابتدائية للبنين,EDUCATIONAL INSTITUTIONS,PUBLIC SCHOOLS - BOYS,1026,NORTHERN,50.48239278,26.11604561,PUBLIC
96,AL MALKIYA PRIMARY & INTERMEDIATE GIRLS SCHOOL,مدرسة المالكية الابتدائية الاعدادية للبنات,EDUCATIONAL INSTITUTIONS,PUBLIC SCHOOLS - GIRLS,1033,NORTHERN,50.4830591,26.09943883,PUBLIC
97,SHAHRAKKAN PRIMARY GIRLS SCHOOL,مدرسة شهركان الابتدائية للبنات,EDUCATIONAL INSTITUTIONS,PUBLIC SCHOOLS - GIRLS,1042,NORTHERN,50.49663812,26.07719056,PUBLIC
98,IBN SINA PRIMARY BOYS SCHOOL,مدرسة إبن سينا الابتدائية للبنين,EDUCATIONAL INSTITUTIONS,PUBLIC SCHOOLS - BOYS,1204,NORTHERN,50.50471657,26.13447779,PUBLIC
99,SAFIYA BINT ABDULMUTALIB PRIMARY GIRLS SCHOOL,مدرسة صفية بنت عبدالمطلب الابتدائية للبنات,EDUCATIONAL INSTITUTIONS,PUBLIC SCHOOLS - GIRLS,1204,NORTHERN,50.5060513,26.13603352,PUBLIC
100,HAMAD TOWN PRIMARY BOYS SCHOOL,مدرسة مدينة حمد الابتدائية للبنين,EDUCATIONAL INSTITUTIONS,PUBLIC SCHOOLS - BOYS,1206,NORTHERN,50.50437883,26.1266417,PUBLIC
101,HAMAD TOWN PRIMARY GIRLS SCHOOL,مدرسة مدينة حمد الابتدائية للبنات,EDUCATIONAL INSTITUTIONS,PUBLIC SCHOOLS - GIRLS,1206,NORTHERN,50.50252738,26.12817328,PUBLIC
102,AL RAWDAH PRIMARY BOYS SCHOOL,مدرسة الروضة الابتدائية للبنين,EDUCATIONAL INSTITUTIONS,PUBLIC SCHOOLS - BOYS,1208,NORTHERN,50.50896964,26.11376241,PUBLIC
103,AL RAWDAH PRIMARY GIRLS SCHOOL,مدرسة الروضة الابتدائية للبنات,EDUCATIONAL INSTITUTIONS,PUBLIC SCHOOLS - GIRLS,1208,NORTHERN,50.51053602,26.1122696,PUBLIC
104,AL MANHAL PRIMARY GIRLS SCHOOL,مدرسة المنهل الابتدائية للبنات,EDUCATIONAL INSTITUTIONS,PUBLIC SCHOOLS - GIRLS,1209,NORTHERN,50.49995756,26.11155805,PUBLIC
105,SAAD BIN ABI WAQAS PRIMARY BOYS SCHOOL,مدرسة سعد بن أبي وقاص الابتدائية للبنين,EDUCATIONAL INSTITUTIONS,PUBLIC SCHOOLS - BOYS,1209,NORTHERN,50.50103418,26.11107664,PUBLIC
106,NUSAIBA BINT KAAB PRIMARY GIRLS SCHOOL,مدرسة نسيبة بنت كعب الابتدائية للبنات,EDUCATIONAL INSTITUTIONS,PUBLIC SCHOOLS - GIRLS,1210,NORTHERN,50.50478044,26.09855401,PUBLIC
107,OSAMAH BIN ZAID PRIMARY BOYS SCHOOL,مدرسة أسامة بن زيد الابتدائية للبنين,EDUCATIONAL INSTITUTIONS,PUBLIC SCHOOLS - BOYS,1210,NORTHERN,50.50299781,26.09944716,PUBLIC
108,AL WADI PRIMARY BOYS SCHOOL,مدرسة الوادي الابتدائية للبنين,EDUCATIONAL INSTITUTIONS,PUBLIC SCHOOLS - BOYS,1211,NORTHERN,50.50644599,26.08797527,PUBLIC
109,TULAITOLA PRIMARY GIRLS SCHOOL,مدرسة طليطلة الابتدائية للبنات,EDUCATIONAL INSTITUTIONS,PUBLIC SCHOOLS - GIRLS,1211,NORTHERN,50.50629021,26.08904763,PUBLIC
110,AL FARABI PRIMARY BOYS SCHOOL,مدرسة الفارابي الابتدائية للبنين,EDUCATIONAL INSTITUTIONS,PUBLIC SCHOOLS - BOYS,1214,NORTHERN,50.51163071,26.07067824,PUBLIC
111,AL NUZHA PRIMARY GIRLS SCHOOL,مدرسة النزهة الابتدائية للبنات,EDUCATIONAL INSTITUTIONS,PUBLIC SCHOOLS - GIRLS,1214,NORTHERN,50.511066,26.07447109,PUBLIC
112,IBN TUFAIL PRIMARY BOYS SCHOOL,مدرسة إبن طفيل الابتدائية للبنين,EDUCATIONAL INSTITUTIONS,PUBLIC SCHOOLS - BOYS,1216,NORTHERN,50.51349772,26.06467491,PUBLIC
113,SABAA PRIMARY GIRLS SCHOOL,مدرسة سبأ الابتدائية للبنات,EDUCATIONAL INSTITUTIONS,PUBLIC SCHOOLS - GIRLS,1216,NORTHERN,50.51033612,26.06404867,PUBLIC
114,ISA TOWN PRIMARY & INTERMEDIATE BOYS SCHOOL,مدرسة مدينة عيسى الابتدائية الاعدادية للبنين,EDUCATIONAL INSTITUTIONS,PUBLIC SCHOOLS - BOYS,803,SOUTHERN,50.54013062,26.18100349,PUBLIC
115,AL KHANSA PRIMARY GIRLS SCHOOL,مدرسة الخنساء الابتدائية للبنات,EDUCATIONAL INSTITUTIONS,PUBLIC SCHOOLS - GIRLS,809,SOUTHERN,50.54893065,26.16850873,PUBLIC
116,KHALID BIN AL WALEED PRIMARY BOYS SCHOOL,مدرسة خالد بن الوليد الابتدائية للبنين,EDUCATIONAL INSTITUTIONS,PUBLIC SCHOOLS - BOYS,809,SOUTHERN,50.54760945,26.16847534,PUBLIC
117,AIN JALOOT PRIMARY GIRLS SCHOOL,مدرسة عين جالوت الابتدائية للبنات,EDUCATIONAL INSTITUTIONS,PUBLIC SCHOOLS - GIRLS,813,SOUTHERN,50.56086119,26.16570573,PUBLIC
118,AL EMAM ALTABARI PRIMARY BOYS SCHOOL,مدرسة الإمام الطبري الابتدائية للبنين,EDUCATIONAL INSTITUTIONS,PUBLIC SCHOOLS - BOYS,813,SOUTHERN,50.5600867,26.16465984,PUBLIC
119,BADER AL KUBRA PRIMARY BOYS SCHOOL,مدرسة بدر الكبرى الابتدائية للبنين,EDUCATIONAL INSTITUTIONS,PUBLIC SCHOOLS - BOYS,814,SOUTHERN,50.560934,26.16796312,PUBLIC
120,HAFSA UMM AL MOAMININ PRIMARY GIRLS SCHOOL,مدرسة حفصة أم المؤمنين الابتدائية للبنات,EDUCATIONAL INSTITUTIONS,PUBLIC SCHOOLS - GIRLS,814,SOUTHERN,50.56214791,26.1698821,PUBLIC
121,AL HUNAYNIYAH PRIMARY GIRLS SCHOOL,مدرسة الحنينية الابتدائية للبنات,EDUCATIONAL INSTITUTIONS,PUBLIC SCHOOLS - GIRLS,903,SOUTHERN,50.56376513,26.11810512,PUBLIC
122,EAST RIFFA PRIMARY BOYS SCHOOL,مدرسة الرفاع الشرقي الابتدائية للبنين,EDUCATIONAL INSTITUTIONS,PUBLIC SCHOOLS - BOYS,903,SOUTHERN,50.56405559,26.11728716,PUBLIC
123,AHMED AL FATEH PRIMARY & INTERMEDIATE BOYS SCHOOL,مدرسة أحمد الفاتح الابتدائية الاعدادية للبنين,EDUCATIONAL INSTITUTIONS,PUBLIC SCHOOLS - BOYS,907,SOUTHERN,50.57524436,26.11960469,PUBLIC
124,EAST RIFFA PRIMARY GIRLS SCHOOL,مدرسة الرفاع الشرقي الابتدائية للبنات,EDUCATIONAL INSTITUTIONS,PUBLIC SCHOOLS - GIRLS,907,SOUTHERN,50.57593132,26.11754567,PUBLIC
125,WEST RIFFA PRIMARY GIRLS SCHOOL,مدرسة الرفاع الغربي الابتدائية للبنات,EDUCATIONAL INSTITUTIONS,PUBLIC SCHOOLS - GIRLS,908,SOUTHERN,50.54059698,26.11991416,PUBLIC
126,WEST RIFFA PRIMARY BOYS SCHOOL,مدرسة الرفاع الغربي الابتدائية للبنين,EDUCATIONAL INSTITUTIONS,PUBLIC SCHOOLS - BOYS,910,SOUTHERN,50.54724467,26.1258532,PUBLIC
127,AL MUSTAQBAL PRIMARY GIRLS SCHOOL,مدرسة المستقبل الابتدائية للبنات,EDUCATIONAL INSTITUTIONS,PUBLIC SCHOOLS - GIRLS,913,SOUTHERN,50.55977687,26.13513537,PUBLIC
128,AQBAH BIN NAFEA PRIMARY BOYS SCHOOL,مدرسة عقبة بن نافع الابتدائية للبنين,EDUCATIONAL INSTITUTIONS,PUBLIC SCHOOLS - BOYS,913,SOUTHERN,50.56022661,26.13433728,PUBLIC
129,AL KHALEEJ AL ARABI PRIMARY & INTERMEDIATE GIRLS SCHOOL,مدرسة الخليج العربي الابتدائية الاعدادية للبنات,EDUCATIONAL INSTITUTIONS,PUBLIC SCHOOLS - GIRLS,914,SOUTHERN,50.5514828,26.13280245,PUBLIC
130,FATIMAH BINT AL KHATTAB PRIMARY GIRLS SCHOOL,مدرسة فاطمة بنت الخطاب الابتدائية للبنات,EDUCATIONAL INSTITUTIONS,PUBLIC SCHOOLS - GIRLS,925,SOUTHERN,50.5716185,26.13035918,PUBLIC
131,SALAH ALDIN AL AYOUBI PRIMARY BOYS SCHOOL,مدرسة صلاح الدين الأيوبي الابتدائية للبنين,EDUCATIONAL INSTITUTIONS,PUBLIC SCHOOLS - BOYS,925,SOUTHERN,50.57251093,26.12822327,PUBLIC
132,WADI ALSAIL PRIMARY & INTERMEDIATE BOYS SCHOOL,مدرسة وادي السيل الابتدائية الاعدادية للبنين,EDUCATIONAL INSTITUTIONS,PUBLIC SCHOOLS - BOYS,928,SOUTHERN,50.5203609,26.13004217,PUBLIC
133,AL EMAM MALEK BIN ANAS PRIMARY BOYS SCHOOL,مدرسة الإمام مالك بن أنس الابتدائية للبنين,EDUCATIONAL INSTITUTIONS,PUBLIC SCHOOLS - BOYS,933,SOUTHERN,50.56504459,26.14157395,PUBLIC
134,AL ANDALUS PRIMARY GIRLS SCHOOL,مدرسة الاندلس الابتدائية للبنات,EDUCATIONAL INSTITUTIONS,PUBLIC SCHOOLS - GIRLS,937,SOUTHERN,50.57194582,26.13947955,PUBLIC
135,SAFRAH PRIMARY & INTERMEDIATE GIRLS SCHOOL,مدرسة سافره الابتدائية الاعدادية للبنات,EDUCATIONAL INSTITUTIONS,PUBLIC SCHOOLS - GIRLS,944,SOUTHERN,50.54223363,26.09881651,PUBLIC
136,SAFREH PRIMARY & INTERMEDIATE BOYS SCHOOL,مدرسة سافره الابتدائية الاعدادية للبنين,EDUCATIONAL INSTITUTIONS,PUBLIC SCHOOLS - BOYS,944,SOUTHERN,50.54176205,26.09982703,PUBLIC
137,ASKAR PRIMARY & INTERMEDIATE BOYS SCHOOL,مدرسة عسكر الابتدائية الاعدادية للبنين,EDUCATIONAL INSTITUTIONS,PUBLIC SCHOOLS - BOYS,950,SOUTHERN,50.61694577,26.05965959,PUBLIC
138,ALSHAIKHA MUZA BINT HAMAD AAL KHALIFA COMPREHENSIVE GIRLS SCHOOL,مدرسة سمو الشيخة موزة بنت حمد آل خليفة الشاملة للبنات,EDUCATIONAL INSTITUTIONS,PUBLIC SCHOOLS - GIRLS,957,SOUTHERN,50.61893321,26.04660576,PUBLIC
139,JAW PRIMARY & INTERMEDIATE GIRLS SCHOOL,مدرسة جو الابتدائية الاعدادية للبنات,EDUCATIONAL INSTITUTIONS,PUBLIC SCHOOLS - GIRLS,960,SOUTHERN,50.6182477,25.99611126,PUBLIC
140,AL ZALLAQ PRIMARY & INTERMEDIATE BOYS SCHOOL,مدرسة الزلاق الابتدائية الاعدادية للبنين,EDUCATIONAL INSTITUTIONS,PUBLIC SCHOOLS - BOYS,1056,SOUTHERN,50.49043806,26.04989358,PUBLIC
141,AL ZALLAQ PRIMARY & INTERMEDIATE GIRLS SCHOOL,مدرسة الزلاق الابتدائية الاعدادية للبنات,EDUCATIONAL INSTITUTIONS,PUBLIC SCHOOLS - GIRLS,1056,SOUTHERN,50.4891416,26.04906452,PUBLIC
142,AL RAJA SCHOOL,,EDUCATIONAL INSTITUTIONS,PRIVATE SCHOOLS,306,CAPITAL,50.58479726,26.23166577,PRIVATE
143,IBN ALHAYTHAM ISLAMIC SCHOOL,,EDUCATIONAL INSTITUTIONS,PRIVATE SCHOOLS,306,CAPITAL,50.583164,26.231952,PRIVATE
144,SACRED HEART SCHOOL,,EDUCATIONAL INSTITUTIONS,PRIVATE SCHOOLS,307,CAPITAL,50.58247784,26.23043311,PRIVATE
145,CREATIVITY PRIVATE SCHOOL,,EDUCATIONAL INSTITUTIONS,PRIVATE SCHOOLS,309,CAPITAL,50.58280606,26.21992226,PRIVATE
146,THE NEW HORIZON SCHOOL,,EDUCATIONAL INSTITUTIONS,PRIVATE SCHOOLS,328,CAPITAL,50.57860571,26.21763123,PRIVATE
147,NEW MILLENNIUM SCHOOL - DPS,,EDUCATIONAL INSTITUTIONS,PRIVATE SCHOOLS,330,CAPITAL,50.57220625,26.21120608,PRIVATE
148,CAPITAL SCHOOL,,EDUCATIONAL INSTITUTIONS,PRIVATE SCHOOLS,331,CAPITAL,50.57317391,26.2061781,PRIVATE
149,EASTERN SCHOOL,,EDUCATIONAL INSTITUTIONS,PRIVATE SCHOOLS,336,CAPITAL,50.59130496,26.2112021,PRIVATE
150,NADEEN SCHOOL,,EDUCATIONAL INSTITUTIONS,PRIVATE SCHOOLS,337,CAPITAL,50.59130624,26.20474994,PRIVATE
151,THE ONE MULTINATIONAL SCHOOL,,EDUCATIONAL INSTITUTIONS,PRIVATE SCHOOLS,338,CAPITAL,50.5937362,26.21173752,PRIVATE
152,NEW GENERATION INTERNATIONAL SCHOOL,,EDUCATIONAL INSTITUTIONS,PRIVATE SCHOOLS,341,CAPITAL,50.60397341,26.20969487,PRIVATE
153,BAHRAIN SCHOOL,,EDUCATIONAL INSTITUTIONS,PRIVATE SCHOOLS,342,CAPITAL,50.60479214,26.20841689,PRIVATE
154,MODERN KNOWLEDGE SCHOOLS,,EDUCATIONAL INSTITUTIONS,PRIVATE SCHOOLS,342,CAPITAL,50.60201242,26.20604256,PRIVATE
155,BANGLADESH SCHOOL,,EDUCATIONAL INSTITUTIONS,PRIVATE SCHOOLS,356,CAPITAL,50.5621612,26.21617251,PRIVATE
156,MIDDLE EAST SCHOOLS,,EDUCATIONAL INSTITUTIONS,PRIVATE SCHOOLS,356,CAPITAL,50.56186374,26.21538206,PRIVATE
157,TALENTS INTERNATIONAL & THE INFANT SCHOOL,,EDUCATIONAL INSTITUTIONS,PRIVATE SCHOOLS,356,CAPITAL,50.56026585,26.21556765,PRIVATE
158,THE INFANT SCHOOL,,EDUCATIONAL INSTITUTIONS,PRIVATE SCHOOLS,356,CAPITAL,50.56209924,26.21691594,PRIVATE
159,AL MAJD PRIVATE SCHOOL,,EDUCATIONAL INSTITUTIONS,PRIVATE SCHOOLS,358,CAPITAL,50.55804945,26.21245012,PRIVATE
160,ARABIAN GULF PEARL SCHOOL,,EDUCATIONAL INSTITUTIONS,PRIVATE SCHOOLS,363,CAPITAL,50.55341632,26.20502894,PRIVATE
161,AL NOOR INTERNATIONAL SCHOOL,,EDUCATIONAL INSTITUTIONS,PRIVATE SCHOOLS,604,CAPITAL,50.60600889,26.16787382,PRIVATE
162,AL NOOR INTERNATIONAL SCHOOL,,EDUCATIONAL INSTITUTIONS,PRIVATE SCHOOLS,611,CAPITAL,50.60282623,26.16738079,PRIVATE
163,ALIA SCHOOL,,EDUCATIONAL INSTITUTIONS,PRIVATE SCHOOLS,611,CAPITAL,50.60440406,26.16434816,PRIVATE
164,THE ASIAN SCHOOL,,EDUCATIONAL INSTITUTIONS,PRIVATE SCHOOLS,701,CAPITAL,50.53825911,26.19313155,PRIVATE
165,AL HEKMA INTERNATIONAL MODEL SCHOOL,,EDUCATIONAL INSTITUTIONS,PRIVATE SCHOOLS,743,CAPITAL,50.57569697,26.15088463,PRIVATE
166,BEACON PRIVATE SCHOOL,,EDUCATIONAL INSTITUTIONS,PRIVATE SCHOOLS,109,MUHARRAQ,50.6469658,26.24164502,PRIVATE
167,CITY INTERNATIONAL SCHOOL,,EDUCATIONAL INSTITUTIONS,PRIVATE SCHOOLS,109,MUHARRAQ,50.64993656,26.24590012,PRIVATE
168,AL FALAH PRIVATE SCHOOLS - BOYS,,EDUCATIONAL INSTITUTIONS,PRIVATE SCHOOLS,207,MUHARRAQ,50.60728777,26.25222061,PRIVATE
169,AL NOOR NATIONAL SCHOOL,,EDUCATIONAL INSTITUTIONS,PRIVATE SCHOOLS,211,MUHARRAQ,50.610408,26.250546,PRIVATE
170,FRENCH SCHOOL,,EDUCATIONAL INSTITUTIONS,PRIVATE SCHOOLS,225,MUHARRAQ,50.6029176,26.26731755,PRIVATE
171,TAYLOS PRIVATE SCHOOL,,EDUCATIONAL INSTITUTIONS,PRIVATE SCHOOLS,226,MUHARRAQ,50.60935446,26.27566839,PRIVATE
172,ALMAHD DAY BOARDING SCHOOL,,EDUCATIONAL INSTITUTIONS,PRIVATE SCHOOLS,233,MUHARRAQ,50.63134652,26.28134726,PRIVATE
173,THE INTERNATIONAL SCHOOL OF CHOUEIFAT,,EDUCATIONAL INSTITUTIONS,PRIVATE SCHOOLS,257,MUHARRAQ,50.66572949,26.27717136,PRIVATE
174,ABDULRAHMAN KANOO SCHOOL,,EDUCATIONAL INSTITUTIONS,PRIVATE SCHOOLS,264,MUHARRAQ,50.63456592,26.302696,PRIVATE
175,CANADIAN SCHOOL BAHRAIN,,EDUCATIONAL INSTITUTIONS,PRIVATE SCHOOLS,264,MUHARRAQ,50.63464247,26.30364224,PRIVATE
176,NOOR AL DIYAR PRIVATE SCHOOL,,EDUCATIONAL INSTITUTIONS,PRIVATE SCHOOLS,264,MUHARRAQ,50.63661299,26.29933513,PRIVATE
177,NADEEN SCHOOL DILMUNIA,,EDUCATIONAL INSTITUTIONS,PRIVATE SCHOOLS,269,MUHARRAQ,50.67503431,26.27217615,PRIVATE
178,AL RAWABI SCHOOL,,EDUCATIONAL INSTITUTIONS,PRIVATE SCHOOLS,435,NORTHERN,50.5281269,26.21226313,PRIVATE
179,IBN ALHAYTHAM ISLAMIC SCHOOL,,EDUCATIONAL INSTITUTIONS,PRIVATE SCHOOLS,450,NORTHERN,50.52049057,26.22491444,PRIVATE
180,BRITUS INTERNATIONAL SCHOOL,,EDUCATIONAL INSTITUTIONS,PRIVATE SCHOOLS,457,NORTHERN,50.51321194,26.19306737,PRIVATE
181,CAPITAL SCHOOL,,EDUCATIONAL INSTITUTIONS,PRIVATE SCHOOLS,457,NORTHERN,50.51366254,26.19168567,PRIVATE
182,BAHRAIN INDIAN SCHOOL,,EDUCATIONAL INSTITUTIONS,PRIVATE SCHOOLS,473,NORTHERN,50.49906608,26.21825002,PRIVATE
183,NEW MILLENNIUM SCHOOL - DPS,,EDUCATIONAL INSTITUTIONS,PRIVATE SCHOOLS,502,NORTHERN,50.50347548,26.22181041,PRIVATE
184,NEW VISION SCHOOL,,EDUCATIONAL INSTITUTIONS,PRIVATE SCHOOLS,505,NORTHERN,50.48771544,26.21626144,PRIVATE
185,QUALITY EDUCATION SCHOOL,,EDUCATIONAL INSTITUTIONS,PRIVATE SCHOOLS,505,NORTHERN,50.48829622,26.21443089,PRIVATE
186,EBENEZER PRIVATE SCHOOL,,EDUCATIONAL INSTITUTIONS,PRIVATE SCHOOLS,506,NORTHERN,50.48937117,26.22727556,PRIVATE
187,ST. CHRISTOPHER'S SCHOOL,,EDUCATIONAL INSTITUTIONS,PRIVATE SCHOOLS,513,NORTHERN,50.50004887,26.20419862,PRIVATE
188,ALMAHD SCHOOL,,EDUCATIONAL INSTITUTIONS,PRIVATE SCHOOLS,517,NORTHERN,50.48727515,26.20005507,PRIVATE
189,JAPANESE SCHOOL,,EDUCATIONAL INSTITUTIONS,PRIVATE SCHOOLS,533,NORTHERN,50.48011822,26.19637875,PRIVATE
190,AL SALAM SCHOOL,,EDUCATIONAL INSTITUTIONS,PRIVATE SCHOOLS,543,NORTHERN,50.4585279,26.20590985,PRIVATE
191,MODERN EDUCATION SCHOOL,,EDUCATIONAL INSTITUTIONS,PRIVATE SCHOOLS,547,NORTHERN,50.46142213,26.19866988,PRIVATE
192,CREATIVITY PRIVATE SCHOOL,,EDUCATIONAL INSTITUTIONS,PRIVATE SCHOOLS,571,NORTHERN,50.47306702,26.18392399,PRIVATE
193,ABDULRAHMAN KANOO INTERNATIONAL SCHOOL,,EDUCATIONAL INSTITUTIONS,PRIVATE SCHOOLS,704,NORTHERN,50.53810789,26.17920612,PRIVATE
194,AMA INTERNATIONAL SCHOOL,,EDUCATIONAL INSTITUTIONS,PRIVATE SCHOOLS,704,NORTHERN,50.53943419,26.17632267,PRIVATE
195,AL MANAR PRIVATE SCHOOLS,,EDUCATIONAL INSTITUTIONS,PRIVATE SCHOOLS,708,NORTHERN,50.52407876,26.18268144,PRIVATE
196,BAWABAT AL MAAʻALI PRIVATE SCHOOL,,EDUCATIONAL INSTITUTIONS,PRIVATE SCHOOLS,730,NORTHERN,50.52635944,26.16265161,PRIVATE
197,AL FALAH PRIVATE SCHOOLS - BOYS,,EDUCATIONAL INSTITUTIONS,PRIVATE SCHOOLS,732,NORTHERN,50.52877196,26.15492164,PRIVATE
198,AL FALAH PRIVATE SCHOOLS - GIRLS,,EDUCATIONAL INSTITUTIONS,PRIVATE SCHOOLS,732,NORTHERN,50.52914088,26.15361525,PRIVATE
199,PHILIPPINE SCHOOL,,EDUCATIONAL INSTITUTIONS,PRIVATE SCHOOLS,732,NORTHERN,50.52683726,26.15532568,PRIVATE
200,BRITISH SCHOOL,,EDUCATIONAL INSTITUTIONS,PRIVATE SCHOOLS,1014,NORTHERN,50.47213566,26.16121863,PRIVATE
201,AL IMAN BOYS SCHOOL,,EDUCATIONAL INSTITUTIONS,PRIVATE SCHOOLS,841,SOUTHERN,50.55155061,26.15957748,PRIVATE
202,AL IMAN GIRLS SCHOOL,,EDUCATIONAL INSTITUTIONS,PRIVATE SCHOOLS,841,SOUTHERN,50.55172262,26.16039999,PRIVATE
203,BAHRAIN BAYAN MODEL SCHOOL,,EDUCATIONAL INSTITUTIONS,PRIVATE SCHOOLS,841,SOUTHERN,50.54964643,26.16063484,PRIVATE
204,IBN KHULDOON NATIONAL SCHOOL,,EDUCATIONAL INSTITUTIONS,PRIVATE SCHOOLS,841,SOUTHERN,50.55044102,26.15782518,PRIVATE
205,INDIAN SCHOOL,,EDUCATIONAL INSTITUTIONS,PRIVATE SCHOOLS,841,SOUTHERN,50.54135454,26.15788904,PRIVATE
206,PAKISTAN SCHOOL,,EDUCATIONAL INSTITUTIONS,PRIVATE SCHOOLS,841,SOUTHERN,50.54428537,26.15832878,PRIVATE
207,PAKISTAN URDU SCHOOL,,EDUCATIONAL INSTITUTIONS,PRIVATE SCHOOLS,841,SOUTHERN,50.54912509,26.15911461,PRIVATE
208,SACRED HEART SCHOOL,,EDUCATIONAL INSTITUTIONS,PRIVATE SCHOOLS,841,SOUTHERN,50.582478,26.230433,PRIVATE
209,ST. CHRISTOPHER'S SCHOOL,,EDUCATIONAL INSTITUTIONS,PRIVATE SCHOOLS,841,SOUTHERN,50.54269656,26.15785767,PRIVATE
210,HAWAR INTERNATIONAL SCHOOL,,EDUCATIONAL INSTITUTIONS,PRIVATE SCHOOLS,910,SOUTHERN,50.55366355,26.11760248,PRIVATE
211,INDIAN SCHOOL,,EDUCATIONAL INSTITUTIONS,PRIVATE SCHOOLS,910,SOUTHERN,50.5514179,26.11663989,PRIVATE
212,AL NASEEM INTERNTIONAL SCHOOL,,EDUCATIONAL INSTITUTIONS,PRIVATE SCHOOLS,922,SOUTHERN,50.54182988,26.15249441,PRIVATE
213,TALENTS INTERNATIONAL & THE INFANT SCHOOL,,EDUCATIONAL INSTITUTIONS,PRIVATE SCHOOLS,925,SOUTHERN,50.56778618,26.12988948,PRIVATE
214,PALMS PRIMARY SCHOOL,,EDUCATIONAL INSTITUTIONS,PRIVATE SCHOOLS,926,SOUTHERN,50.52648328,26.1379093,PRIVATE
215,AMERICAN SCHOOL OF BAHRAIN,,EDUCATIONAL INSTITUTIONS,PRIVATE SCHOOLS,934,SOUTHERN,50.56260847,26.15635375,PRIVATE
216,ALMAHD DAY BOARDING SCHOOL,,EDUCATIONAL INSTITUTIONS,PRIVATE SCHOOLS,941,SOUTHERN,50.56880413,26.1525002,PRIVATE
217,THE NEW INDIAN SCHOOL,,EDUCATIONAL INSTITUTIONS,PRIVATE SCHOOLS,941,SOUTHERN,50.56702117,26.15474884,PRIVATE
218,AL SHAIKHA HESSA GIRLS SCHOOL,,EDUCATIONAL INSTITUTIONS,PRIVATE SCHOOLS,942,SOUTHERN,50.54549745,26.09998346,PRIVATE
219,INTERNATIONAL SCHOOL OF CREATIVE SCIENCE,,EDUCATIONAL INSTITUTIONS,PRIVATE SCHOOLS,942,SOUTHERN,50.55143336,26.1043441,PRIVATE
220,RIFFA VIEWS INTERNATIONAL SCHOOL,,EDUCATIONAL INSTITUTIONS,PRIVATE SCHOOLS,943,SOUTHERN,50.56209068,26.10153138,PRIVATE
