nom_etablissement,muhafaza,type,genre
اشبيلية الأبتدائية للبنات,العاصمة (Al-Asimah),حكومية,بنات
الاسراء الأبتدائيه للبنات,العاصمة (Al-Asimah),حكومية,بنات
الدعية الأبتدائية للبنات,العاصمة (Al-Asimah),حكومية,بنات
الدوحة الأبتدائية للبنات,العاصمة (Al-Asimah),حكومية,بنات
لولوة ملا صالح الربيعة الإبتدائية بنات,العاصمة (Al-Asimah),حكومية,بنات
الشاميه الأبتدائية للبنات - المشتركة,العاصمة (Al-Asimah),حكومية,بنات
الصليبيخات الإبتدائية للبنات,العاصمة (Al-Asimah),حكومية,بنات
الصوابر الإبتدائية للبنات - المشتركة,العاصمة (Al-Asimah),حكومية,بنات
العديلية الابتدائية للبنات,العاصمة (Al-Asimah),حكومية,بنات
المنصورية الإبتدائية للبنات,العاصمة (Al-Asimah),حكومية,بنات
النزهة الإبتدائية للبنات,العاصمة (Al-Asimah),حكومية,بنات
ام عطية الأنصاريه الإبتدائية للبنات,العاصمة (Al-Asimah),حكومية,بنات
امنة الإبتدائية للبنات,العاصمة (Al-Asimah),حكومية,بنات
بحره الإبتدائية للبنات,العاصمة (Al-Asimah),حكومية,بنات
خولة الإبتدائية للبنات - المشتركة,العاصمة (Al-Asimah),حكومية,بنات
درة بنت ابي سلمة الإبتدائية للبنات,العاصمة (Al-Asimah),حكومية,بنات
ذات الصواري الإبتدائية للبنات,العاصمة (Al-Asimah),حكومية,بنات
سمية الإبتدائية للبنات,العاصمة (Al-Asimah),حكومية,بنات
عمره بنت حزم الإبتدائية للبنات,العاصمة (Al-Asimah),حكومية,بنات
عين جالوت الإبتدائية للبنات,العاصمة (Al-Asimah),حكومية,بنات
مريم عبدالملك الصالح الإبتدائية للبنات,العاصمة (Al-Asimah),حكومية,بنات
ميسلون الأبتدائية للبنات,العاصمة (Al-Asimah),حكومية,بنات
أسماء بنت عمير الابتدائية بنات,حولي (Hawalli),حكومية,بنات
اروى بنت الحارث الأبتدائية للبنات,حولي (Hawalli),حكومية,بنات
الامة الأبتدائية للبنات,حولي (Hawalli),حكومية,بنات
لبابة بنت الحارث الأبتدائية للبنات,حولي (Hawalli),حكومية,بنات
ام القرى الأبتدائية للبنات,حولي (Hawalli),حكومية,بنات
بيان الإبتدائية للبنات,حولي (Hawalli),حكومية,بنات
جميلة بنت عباد الإبتدائية للبنات,حولي (Hawalli),حكومية,بنات
جويرية بنت الحارث الإبتدائية للبنات,حولي (Hawalli),حكومية,بنات
خديجه بنت خويلد الأبتدائية للبنات,حولي (Hawalli),حكومية,بنات
السلام الأبتدائية للبنات,حولي (Hawalli),حكومية,بنات
الرديفة الأبتدائية للبنات,حولي (Hawalli),حكومية,بنات
عاتكة بنت زيد الإبتدائية للبنات,حولي (Hawalli),حكومية,بنات
عمرة بنت مسعود الإبتدائية للبنات,حولي (Hawalli),حكومية,بنات
فاطمة المسباح الإبتدائية للبنات - المشتركة,حولي (Hawalli),حكومية,بنات
فيلكا الابتدائية للبنات,حولي (Hawalli),حكومية,بنات
مشرف الإبتدائية للبنات,حولي (Hawalli),حكومية,بنات
اجنادين الأبتدائية للبنات,الفروانية (Al-Farwaniyah),حكومية,بنات
سلمى بنت عميس,الفروانية (Al-Farwaniyah),حكومية,بنات
الاندلس الأبتدائية للبنات,الفروانية (Al-Farwaniyah),حكومية,بنات
العمرية الإبتدائية للبنات,الفروانية (Al-Farwaniyah),حكومية,بنات
الفردوس الإبتدائية للبنات,الفروانية (Al-Farwaniyah),حكومية,بنات
الفروانية الإبتدائية للبنات,الفروانية (Al-Farwaniyah),حكومية,بنات
ام البنين الإبتدائية للبنات,الفروانية (Al-Farwaniyah),حكومية,بنات
ام الخير الإبتدائية للبنات,الفروانية (Al-Farwaniyah),حكومية,بنات
لولوة العصيمي الإبتدائية للبنات,الفروانية (Al-Farwaniyah),حكومية,بنات
ام المنذرالإبتدائية للبنات,الفروانية (Al-Farwaniyah),حكومية,بنات
ام حبيبه الإبتدائية للبنات,الفروانية (Al-Farwaniyah),حكومية,بنات
ام رومان الإبتدائية للبنات,الفروانية (Al-Farwaniyah),حكومية,بنات
ام هانئ الإبتدائية للبنات,الفروانية (Al-Farwaniyah),حكومية,بنات
جليب الشيوخ الأبتدائية للبنات,الفروانية (Al-Farwaniyah),حكومية,بنات
ذى قار الإبتدائية للبنات,الفروانية (Al-Farwaniyah),حكومية,بنات
الشفاء بنت عبدالله الأبتدائية للبنات,الفروانية (Al-Farwaniyah),حكومية,بنات
العضيلية الأبتدائية للبنات,الفروانية (Al-Farwaniyah),حكومية,بنات
الصابرية الأبتدائية للبنات,الفروانية (Al-Farwaniyah),حكومية,بنات
رفيده الأسلميه الإبتدائية للبنات,الفروانية (Al-Farwaniyah),حكومية,بنات
سبيكة الخالد الإبتدائية للبنات,الفروانية (Al-Farwaniyah),حكومية,بنات
عقيلة بنت عبيد الإبتدائية للبنات,الفروانية (Al-Farwaniyah),حكومية,بنات
فاطمه بنت قيس الابتدائية بنات,الفروانية (Al-Farwaniyah),حكومية,بنات
نفيسة بنت امية الإبتدائية للبنات,الفروانية (Al-Farwaniyah),حكومية,بنات
ابوحليفة الأبتدائية للبنات - المشتركة,الأحمدي (Al-Ahmadi),حكومية,بنات
الرباب بنت كعب الأبتدائية للبنات,الأحمدي (Al-Ahmadi),حكومية,بنات
الرقة الأبتدائية للبنات,الأحمدي (Al-Ahmadi),حكومية,بنات
الزور الابتدائية للبنات - المشتركة,الأحمدي (Al-Ahmadi),حكومية,بنات
الشعيبة الابتدائية للبنات,الأحمدي (Al-Ahmadi),حكومية,بنات
الظهر الأبتدائية للبنات,الأحمدي (Al-Ahmadi),حكومية,بنات
المنقف الإبتدائية للبنات,الأحمدي (Al-Ahmadi),حكومية,بنات
ام الفضل الإبتدائية للبنات,الأحمدي (Al-Ahmadi),حكومية,بنات
ام ايمن الإبتدائية للبنات,الأحمدي (Al-Ahmadi),حكومية,بنات
ام عمارة الإبتدائية للبنات,الأحمدي (Al-Ahmadi),حكومية,بنات
باحثة البادية الإبتدائية للبنات,الأحمدي (Al-Ahmadi),حكومية,بنات
رابعة العدوية الإبتدائية للبنات,الأحمدي (Al-Ahmadi),حكومية,بنات
ريحانة بنت زيد الأبتدائية للبنات,الأحمدي (Al-Ahmadi),حكومية,بنات
عفراء بنت عبيد الإبتدائية للبنات,الأحمدي (Al-Ahmadi),حكومية,بنات
غزية بنت جابر الأبتدائية للبنات,الأحمدي (Al-Ahmadi),حكومية,بنات
فاطمة بنت الخطاب الإبتدائية للبنات,الأحمدي (Al-Ahmadi),حكومية,بنات
فاطمة عبدالله على الحقان الابتدائية للبنات,الأحمدي (Al-Ahmadi),حكومية,بنات
ليلى بنت الخطيم الأبتدائية للبنات,الأحمدي (Al-Ahmadi),حكومية,بنات
هند بنت أثاثة الأبتدائية للبنات,الأحمدي (Al-Ahmadi),حكومية,بنات
آسيا بنت مزاحم الأبتدائية للبنات,الأحمدي (Al-Ahmadi),حكومية,بنات
26 فبراير الأبتدائية للبنات,الأحمدي (Al-Ahmadi),حكومية,بنات
مريم بنت عثمان الابتدائية بنات,الأحمدي (Al-Ahmadi),حكومية,بنات
مريم حمد بودي الابتدائية للبنات,الأحمدي (Al-Ahmadi),حكومية,بنات
نورة راشد السيف الإبتدائية للبنات,الأحمدي (Al-Ahmadi),حكومية,بنات
وربة الإبتدائية للبنات,الأحمدي (Al-Ahmadi),حكومية,بنات
الجهراء الأبتدائية للبنات,الجهراء (Al-Jahra),حكومية,بنات
الخنساء الأبتدائية للبنات,الجهراء (Al-Jahra),حكومية,بنات
الصليبية الإبتدائية للبنات,الجهراء (Al-Jahra),حكومية,بنات
المزدلفة الإبتدائية للبنات,الجهراء (Al-Jahra),حكومية,بنات
الواحه الإبتدائية للبنات,الجهراء (Al-Jahra),حكومية,بنات
ام البراء بنت صفوان الإبتدائية للبنات,الجهراء (Al-Jahra),حكومية,بنات
ام جميل العامرية الإبتدائية للبنات,الجهراء (Al-Jahra),حكومية,بنات
ام ورقة الإبتدائية للبنات,الجهراء (Al-Jahra),حكومية,بنات
اميمة بنت النجار الإبتدائية للبنات,الجهراء (Al-Jahra),حكومية,بنات
اميه الغفارية الابتدائية للبنات,الجهراء (Al-Jahra),حكومية,بنات
بشيرة بنت النعمان الابتدائية للبنات,الجهراء (Al-Jahra),حكومية,بنات
تيماء الإبتدائية للبنات,الجهراء (Al-Jahra),حكومية,بنات
سفانة بنت حاتم الطائي الإبتدائية للبنات,الجهراء (Al-Jahra),حكومية,بنات
سكينة بنت الحسين الإبتدائية للبنات,الجهراء (Al-Jahra),حكومية,بنات
درة بنت أبي سفيان الإبتدائية للبنات,الجهراء (Al-Jahra),حكومية,بنات
الرحية الإبتدائية للبنات,الجهراء (Al-Jahra),حكومية,بنات
عائشة الإبتدائية للبنات,الجهراء (Al-Jahra),حكومية,بنات
اسماء بنت عمرو الانصارية الابتدائية للبنات,مبارك الكبير (Mubarak Al-Kabeer),حكومية,بنات
البيرق الأبتدائية للبنات,مبارك الكبير (Mubarak Al-Kabeer),حكومية,بنات
العدان الإبتدائية للبنات,مبارك الكبير (Mubarak Al-Kabeer),حكومية,بنات
المطوعة منيرة محمد الدخان الإبتدائية للبنات,مبارك الكبير (Mubarak Al-Kabeer),حكومية,بنات
النبراس الإبتدائية للبنات,مبارك الكبير (Mubarak Al-Kabeer),حكومية,بنات
ام المرادم الابتدائية للبنات,مبارك الكبير (Mubarak Al-Kabeer),حكومية,بنات
بدرية العتيقي الابتدائية للبنات,مبارك الكبير (Mubarak Al-Kabeer),حكومية,بنات
بركة بنت يسار الابتدائية للبنات,مبارك الكبير (Mubarak Al-Kabeer),حكومية,بنات
زينب بنت العوام الإبتدائية للبنات,مبارك الكبير (Mubarak Al-Kabeer),حكومية,بنات
سبيكة العنجرى الإبتدائية للبنات,مبارك الكبير (Mubarak Al-Kabeer),حكومية,بنات
سودة بنت زمعة الأبتدائى للبنات,مبارك الكبير (Mubarak Al-Kabeer),حكومية,بنات
عائشة محمد الشريف الإبتدائية للبنات,مبارك الكبير (Mubarak Al-Kabeer),حكومية,بنات
عمورية الإبتدائية للبنات,مبارك الكبير (Mubarak Al-Kabeer),حكومية,بنات
معاذة العدوية الأبتدائية للبنات,مبارك الكبير (Mubarak Al-Kabeer),حكومية,بنات
نفيسة بنت الحسن الإبتدائية للبنات,مبارك الكبير (Mubarak Al-Kabeer),حكومية,بنات
ابن رشد الأبتدائية للبنين,العاصمة (Al-Asimah),حكومية,بنين
ابن سينا الأبتدائية للبنين,العاصمة (Al-Asimah),حكومية,بنين
الاحمدية الأبتدائية للبنين,العاصمة (Al-Asimah),حكومية,بنين
الدوحة الأبتدائية للبنين,العاصمة (Al-Asimah),حكومية,بنين
الغزالى الإبتدائية للبنين,العاصمة (Al-Asimah),حكومية,بنين
المأمون الإبتدائية للبنين,العاصمة (Al-Asimah),حكومية,بنين
الملا سليمان الخنيني الإبتدائية للبنين,العاصمة (Al-Asimah),حكومية,بنين
بدر السيد رجب الرفاعى الإبتدائية للبنين,العاصمة (Al-Asimah),حكومية,بنين
سعد بن عبادة الإبتدائية للبنين,العاصمة (Al-Asimah),حكومية,بنين
صقر الشبيب الإبتدائية للبنين,العاصمة (Al-Asimah),حكومية,بنين
محمد الشايع الإبتدائية للبنين,العاصمة (Al-Asimah),حكومية,بنين
صقر الرشيد الإبتدائية للبنين,العاصمة (Al-Asimah),حكومية,بنين
عبدالعزيز العتيقي الإبتدائية للبنين,العاصمة (Al-Asimah),حكومية,بنين
عبدالعزيز ياسين الغربللي الإبتدائية للبنين,العاصمة (Al-Asimah),حكومية,بنين
عبداللطيف عبدالرزاق الديين الإبتدائية للبنين,العاصمة (Al-Asimah),حكومية,بنين
عبدالمحسن البحر الأبتدائية للبنين,العاصمة (Al-Asimah),حكومية,بنين
عمرو بن العاص الإبتدائية للبنين,العاصمة (Al-Asimah),حكومية,بنين
عمير بن سعد الإبتدائية للبنين,العاصمة (Al-Asimah),حكومية,بنين
فهد العسكر الأبتدائية للبنين,العاصمة (Al-Asimah),حكومية,بنين
زيد بن الخطاب الأبتدائية للبنين,العاصمة (Al-Asimah),حكومية,بنين
مرشد محمد السلمان الإبتدائية للبنين,العاصمة (Al-Asimah),حكومية,بنين
النجاح الإبتدائية للبنين,حولي (Hawalli),حكومية,بنين
الشهداء الإبتدائية للبنين,حولي (Hawalli),حكومية,بنين
الفضل بن العباس الابتدائية بنين,حولي (Hawalli),حكومية,بنين
سعد الأوسي الابتدائية بنين,حولي (Hawalli),حكومية,بنين
جاسم محمد الابراهيم الابتدائية للبنين,حولي (Hawalli),حكومية,بنين
خباب بن الارت الإبتدائية للبنين,حولي (Hawalli),حكومية,بنين
شيخان الفارسى الإبتدائية بنين,حولي (Hawalli),حكومية,بنين
عبدالرحمن الغافقي الابتدائية للبنين,حولي (Hawalli),حكومية,بنين
عبدالله بن كثير الإبتدائية للبنين,حولي (Hawalli),حكومية,بنين
عبدالله خلف الدحيان الإبتدائية للبنين,حولي (Hawalli),حكومية,بنين
عبدالله عبداللطيف العمر الأبتدائية للبنين,حولي (Hawalli),حكومية,بنين
عثمان عبداللطيف العثمان الإبتدائية للبنين,حولي (Hawalli),حكومية,بنين
على بن ابي طالب الابتدائية للبنين,حولي (Hawalli),حكومية,بنين
محمد اسماعيل الغانم الأبتدائية للبنين,حولي (Hawalli),حكومية,بنين
محمد الشايجي الإبتدائية للبنين,حولي (Hawalli),حكومية,بنين
محمد زكريا الانصاري الابتدائية للبنين,حولي (Hawalli),حكومية,بنين
ناصر سعود الصباح الابتدائية للبنين,حولي (Hawalli),حكومية,بنين
هشام بن أمية الإبتدائية بنين,حولي (Hawalli),حكومية,بنين
احمد الخميس الأبتدائية للبنين,الفروانية (Al-Farwaniyah),حكومية,بنين
احمد عطيه الاثرى الأبتدائيه للبنين,الفروانية (Al-Farwaniyah),حكومية,بنين
العمرية الإبتدائية للبنين,الفروانية (Al-Farwaniyah),حكومية,بنين
المثنى الإبتدائية للبنين,الفروانية (Al-Farwaniyah),حكومية,بنين
الوليد بن عبدالملك الابتدائية للبنين,الفروانية (Al-Farwaniyah),حكومية,بنين
خالد يوسف النصرالله الإبتدائية للبنين,الفروانية (Al-Farwaniyah),حكومية,بنين
زيد الحرب الأبتدائيه للبنين,الفروانية (Al-Farwaniyah),حكومية,بنين
سفيان الثورى الإبتدائية للبنين,الفروانية (Al-Farwaniyah),حكومية,بنين
عبدالرحمن بن عوف الإبتدائية للبنين,الفروانية (Al-Farwaniyah),حكومية,بنين
عبدالعزيز الرشيد الابتدائية للبنين,الفروانية (Al-Farwaniyah),حكومية,بنين
عبدالعزيز قاسم حماده الإبتدائية للبنين,الفروانية (Al-Farwaniyah),حكومية,بنين
عبدالله أحمد حسين الرومي الإبتدائية للبنين,الفروانية (Al-Farwaniyah),حكومية,بنين
عبدالله بن رواحه الإبتدائية للبنين,الفروانية (Al-Farwaniyah),حكومية,بنين
عتبة بن أبي سفيان الإبتدائية بنين,الفروانية (Al-Farwaniyah),حكومية,بنين
عمرو بن ثابت الإبتدائية للبنين,الفروانية (Al-Farwaniyah),حكومية,بنين
قيس بن عاصم الابتدائية للبنين,الفروانية (Al-Farwaniyah),حكومية,بنين
كعب بن زهير الابتدائية للبنين,الفروانية (Al-Farwaniyah),حكومية,بنين
محمد بن سيرين الأنصاري الابتدائية للبنين,الفروانية (Al-Farwaniyah),حكومية,بنين
قتادة بن النعمان الابتدائية للبنين,الفروانية (Al-Farwaniyah),حكومية,بنين
الفوارس الابتدائية للبنين,الفروانية (Al-Farwaniyah),حكومية,بنين
ابن الجوزي الابتدائية للبنين,الفروانية (Al-Farwaniyah),حكومية,بنين
نعيم بن مسعود الإبتدائية للبنين,الفروانية (Al-Farwaniyah),حكومية,بنين
ابن حجر العسقلاني الأبتدائية للبنين,الأحمدي (Al-Ahmadi),حكومية,بنين
ابن ماجد الأبتدائية للبنين,الأحمدي (Al-Ahmadi),حكومية,بنين
ابو حذيفة بن عتبة الأبتدائية للبنين,الأحمدي (Al-Ahmadi),حكومية,بنين
ابو ذر الغفاري الأبتدائية للبنين,الأحمدي (Al-Ahmadi),حكومية,بنين
ابو عبيدة بن الجراح الابتدائية للبنين,الأحمدي (Al-Ahmadi),حكومية,بنين
احمد عيسى السعد الأبتدائية للبنين,الأحمدي (Al-Ahmadi),حكومية,بنين
الأرقم الأبتدائية للبنين,الأحمدي (Al-Ahmadi),حكومية,بنين
البخاري الأبتدائية للبنين,الأحمدي (Al-Ahmadi),حكومية,بنين
الزور الأبتدائية للبنين - المشتركة,الأحمدي (Al-Ahmadi),حكومية,بنين
الصباحية الإبتدائية للبنين,الأحمدي (Al-Ahmadi),حكومية,بنين
الملا صالح الأبتدائية للبنين,الأحمدي (Al-Ahmadi),حكومية,بنين
بنيدر الابتدائية للبنين,الأحمدي (Al-Ahmadi),حكومية,بنين
حمد الخالد الأبتدائية للبنين,الأحمدي (Al-Ahmadi),حكومية,بنين
حمدان احمد الحمدان الابتدائية للبنين,الأحمدي (Al-Ahmadi),حكومية,بنين
زياد بن لبيد الأبتدائية للبنين,الأحمدي (Al-Ahmadi),حكومية,بنين
سيد رجب الرفاعي الإبتدائية للبنين,الأحمدي (Al-Ahmadi),حكومية,بنين
صهيب بن سنان الابتدائية للبنين,الأحمدي (Al-Ahmadi),حكومية,بنين
عبدالرحمن الداخل الأبتدائية للبنين,الأحمدي (Al-Ahmadi),حكومية,بنين
عثمان بن عفان الأبتدائية للبنين,الأحمدي (Al-Ahmadi),حكومية,بنين
عقيل بن ابي طالب الابتدائية للبنين,الأحمدي (Al-Ahmadi),حكومية,بنين
محمود شوقي الايوبي الإبتدائية للبنين,الأحمدي (Al-Ahmadi),حكومية,بنين
مزعل هزاع الصلال الابتدائية للبنين,الأحمدي (Al-Ahmadi),حكومية,بنين
ضرار بن الأزور الابتدائية للبنين,الأحمدي (Al-Ahmadi),حكومية,بنين
عبدالله العصفور الابتدائية للبنين,الأحمدي (Al-Ahmadi),حكومية,بنين
محمد سليمان الجراح,الأحمدي (Al-Ahmadi),حكومية,بنين
ملا ناصر المزيعل الابتدائية للبنين,الأحمدي (Al-Ahmadi),حكومية,بنين
هدية الإبتدائية للبنين,الأحمدي (Al-Ahmadi),حكومية,بنين
ابو هريرة الأبتدائية للبنين,الجهراء (Al-Jahra),حكومية,بنين
احمد محمد الحميضي الإبتدائية للبنين,الجهراء (Al-Jahra),حكومية,بنين
السيد هاشم الحنيان الأبتدائية للبنين,الجهراء (Al-Jahra),حكومية,بنين
الليث بن سعد الإبتدائية للبنين,الجهراء (Al-Jahra),حكومية,بنين
المعتصم الإبتدائية للبنين,الجهراء (Al-Jahra),حكومية,بنين
الواحة الابتدائية للبنين,الجهراء (Al-Jahra),حكومية,بنين
تيماء الأبتدائية للبنين,الجهراء (Al-Jahra),حكومية,بنين
حذيفة بن اليمان الإبتدائية للبنين,الجهراء (Al-Jahra),حكومية,بنين
سيد خلف النقيب الإبتدائية للبنين,الجهراء (Al-Jahra),حكومية,بنين
عبدالله النوري الإبتدائية للبنين,الجهراء (Al-Jahra),حكومية,بنين
محمد صالح العجيري الإبتدائية للبنين,الجهراء (Al-Jahra),حكومية,بنين
الأحنف بن قيس الإبتدائية للبنين,الجهراء (Al-Jahra),حكومية,بنين
محمد صالح العدساني الإبتدائية للبنين,الجهراء (Al-Jahra),حكومية,بنين
حارثة بن سراقة الإبتدائية للبنين,الجهراء (Al-Jahra),حكومية,بنين
اللياح الإبتدائية للبنين,الجهراء (Al-Jahra),حكومية,بنين
مشاري هلال الشمري الإبتدائية للبنين,الجهراء (Al-Jahra),حكومية,بنين
ملا راشد السيف الابتدائية للبنين,الجهراء (Al-Jahra),حكومية,بنين
يوسف صالح العمر الإبتدائية للبنين,الجهراء (Al-Jahra),حكومية,بنين
ادريس جاسم ادريس الأبتدائية للبنين,مبارك الكبير (Mubarak Al-Kabeer),حكومية,بنين
الامام الشافعي الأبتدائية للبنين,مبارك الكبير (Mubarak Al-Kabeer),حكومية,بنين
الملا سعود الصقر الأبتدائية للبنين,مبارك الكبير (Mubarak Al-Kabeer),حكومية,بنين
الملا سليمان محمد السليمان الأبتدائية للبنين,مبارك الكبير (Mubarak Al-Kabeer),حكومية,بنين
ثابت بن زيد الإبتدائية للبنين,مبارك الكبير (Mubarak Al-Kabeer),حكومية,بنين
حسين العسعوسى الإبتدائية للبنين,مبارك الكبير (Mubarak Al-Kabeer),حكومية,بنين
خالد المسعود الإبتدائية للبنين,مبارك الكبير (Mubarak Al-Kabeer),حكومية,بنين
خالد بن الوليد الابتدائية للبنين,مبارك الكبير (Mubarak Al-Kabeer),حكومية,بنين
عبدالرحمن فارس الوقيان الابتدائية للبنين,مبارك الكبير (Mubarak Al-Kabeer),حكومية,بنين
عبدالكريم السعيد الإبتدائية للبنين,مبارك الكبير (Mubarak Al-Kabeer),حكومية,بنين
عبدالوهاب الفارس الابتدائية للبنين,مبارك الكبير (Mubarak Al-Kabeer),حكومية,بنين
عبدالوهاب القرطاس الابتدائية للبنين,مبارك الكبير (Mubarak Al-Kabeer),حكومية,بنين
هلال فجحان المطيري,مبارك الكبير (Mubarak Al-Kabeer),حكومية,بنين
عيسى حسين اليوسفي الإبتدائية للبنين,مبارك الكبير (Mubarak Al-Kabeer),حكومية,بنين
معروف عبد القادر السرحان الأبتدائية للبنين,مبارك الكبير (Mubarak Al-Kabeer),حكومية,بنين
Kuwait International English School,العاصمة (Al-Asimah),دولية / خاصة,مختلط
Ajial Bilingual School,العاصمة (Al-Asimah),دولية / خاصة,مختلط
Integrated Indian School,العاصمة (Al-Asimah),دولية / خاصة,مختلط
American German School,العاصمة (Al-Asimah),دولية / خاصة,مختلط
Kuwait National English School,العاصمة (Al-Asimah),دولية / خاصة,مختلط
"The English Academy, Kuwait",حولي (Hawalli),دولية / خاصة,مختلط
American Creativity Academy,العاصمة (Al-Asimah),دولية / خاصة,مختلط
New English School,العاصمة (Al-Asimah),دولية / خاصة,مختلط
Global Bilingual Academy,العاصمة (Al-Asimah),دولية / خاصة,مختلط
The English School for Girls,العاصمة (Al-Asimah),دولية / خاصة,مختلط
American Academy For Girls,حولي (Hawalli),دولية / خاصة,مختلط
The American Baccalaureate School,العاصمة (Al-Asimah),دولية / خاصة,مختلط
India International School,العاصمة (Al-Asimah),دولية / خاصة,مختلط
The English Playgroup & Primary School Kuwait,حولي (Hawalli),دولية / خاصة,مختلط
American United School of Kuwait,العاصمة (Al-Asimah),دولية / خاصة,مختلط
Future Bilingual School for Boys and Future Bilingual School For Girls,الأحمدي (Al-Ahmadi),دولية / خاصة,مختلط
English Academy,العاصمة (Al-Asimah),دولية / خاصة,مختلط
International British School,العاصمة (Al-Asimah),دولية / خاصة,مختلط
The British School of Kuwait,العاصمة (Al-Asimah),دولية / خاصة,مختلط
Lycée Francais de Koweit,العاصمة (Al-Asimah),دولية / خاصة,مختلط
The American United School of Kuwait,حولي (Hawalli),دولية / خاصة,مختلط
The English Playgroup,العاصمة (Al-Asimah),دولية / خاصة,مختلط
Hayat Universal Bilingual School Kuwait,العاصمة (Al-Asimah),دولية / خاصة,مختلط
Al-Bayan Bilingual School,العاصمة (Al-Asimah),دولية / خاصة,مختلط
The Universal American School-Kuwait,حولي (Hawalli),دولية / خاصة,مختلط
Gulf English School,العاصمة (Al-Asimah),دولية / خاصة,مختلط
The American School of Kuwait,العاصمة (Al-Asimah),دولية / خاصة,مختلط
The English Academy,حولي (Hawalli),دولية / خاصة,مختلط
Dasman Bilingual School,العاصمة (Al-Asimah),دولية / خاصة,مختلط
Al-Resala Bilingual School,الأحمدي (Al-Ahmadi),دولية / خاصة,مختلط
Indian Educational School,العاصمة (Al-Asimah),دولية / خاصة,مختلط
Kuwait American School,العاصمة (Al-Asimah),دولية / خاصة,مختلط
The English School,العاصمة (Al-Asimah),دولية / خاصة,مختلط
Indian Public School,العاصمة (Al-Asimah),دولية / خاصة,مختلط
Cambridge English School,العاصمة (Al-Asimah),دولية / خاصة,مختلط
"The English Primary School, Salwa",حولي (Hawalli),دولية / خاصة,مختلط
International British School Kuwait,العاصمة (Al-Asimah),دولية / خاصة,مختلط
The Universal American School,العاصمة (Al-Asimah),دولية / خاصة,مختلط
Cambridge English School Hawally,حولي (Hawalli),دولية / خاصة,مختلط
New Pakistan International School,العاصمة (Al-Asimah),دولية / خاصة,مختلط
Al Ru'ya Bilingual School,مبارك الكبير (Mubarak Al-Kabeer),دولية / خاصة,مختلط
Carmel School Kuwait,العاصمة (Al-Asimah),دولية / خاصة,مختلط
Al-Bayan International School,العاصمة (Al-Asimah),دولية / خاصة,مختلط
The English School Fahaheel,الأحمدي (Al-Ahmadi),دولية / خاصة,مختلط
Kuwait English School,العاصمة (Al-Asimah),دولية / خاصة,مختلط
Cambridge English School Mangaf,الأحمدي (Al-Ahmadi),دولية / خاصة,مختلط
A'Takamul International School,العاصمة (Al-Asimah),دولية / خاصة,مختلط
Canadian Bilingual School,العاصمة (Al-Asimah),دولية / خاصة,مختلط
Iqra'a Bilingual School,العاصمة (Al-Asimah),دولية / خاصة,مختلط
Kuwait Bilingual School,الجهراء (Al-Jahra),دولية / خاصة,مختلط
Danah Universal School of Kuwait,العاصمة (Al-Asimah),دولية / خاصة,مختلط
Al Ghanim Bilingual School,العاصمة (Al-Asimah),دولية / خاصة,مختلط
American International School Kuwait,العاصمة (Al-Asimah),دولية / خاصة,مختلط
New American School,العاصمة (Al-Asimah),دولية / خاصة,مختلط
International Academy of Kuwait,العاصمة (Al-Asimah),دولية / خاصة,مختلط
