school_name,url_address,address,postal_code,telephone_no,telephone_no_2,fax_no,fax_no_2,email_address,mrt_desc,bus_desc,principal_name,first_vp_name,second_vp_name,third_vp_name,fourth_vp_name,fifth_vp_name,sixth_vp_name,dgp_code,zone_code,type_code,nature_code,session_code,mainlevel_code,sap_ind,autonomous_ind,gifted_ind,ip_ind,mothertongue1_code,mothertongue2_code,mothertongue3_code
ADMIRALTY PRIMARY SCHOOL,https://admiraltypri.moe.edu.sg/,11 WOODLANDS CIRCLE   ,738907,63620598,na,63627512,na,admiralty_ps@moe.edu.sg,Admiralty Station,"965, 964, 913",MR CHEN ZHONGYI,MADAM CHAN YEE CHIN WILNA,MR HAMRI BIN A JALIL,na,na,na,na,WOODLANDS,NORTH,GOVERNMENT SCHOOL,CO-ED SCHOOL,FULL DAY,PRIMARY,No,No,No,No,CHINESE,MALAY,TAMIL
AHMAD IBRAHIM PRIMARY SCHOOL,http://www.ahmadibrahimpri.moe.edu.sg,10 YISHUN STREET 11   ,768643,67592906,na,67592927,na,aips@moe.edu.sg,Yishun,"Yishun Ring Road - 812 (white plate); Yishun Ave 2 - 169, 804, 965, 117, 883",MS BAEY EE-LYN,MADAM YEO SIAU YEN,MADAM CHIA JUNLI,na,na,na,na,YISHUN,NORTH,GOVERNMENT SCHOOL,CO-ED SCHOOL,SINGLE SESSION,PRIMARY,No,No,No,No,CHINESE,MALAY,TAMIL
AI TONG SCHOOL,http://www.aitong.moe.edu.sg,100 Bright Hill Drive   ,579646,64547672,na,64532726,na,aitong_sch@moe.edu.sg,Bishan MRT,"410, 162, 52",MR WONG JIA WANG,MR YAK BENG WEI,MR CHIU SHEK MAN PHILIP,MR KHOO THIAM HUAT,na,na,na,BISHAN,SOUTH,GOVERNMENT-AIDED SCH,CO-ED SCHOOL,SINGLE SESSION,PRIMARY,Yes,No,No,No,CHINESE,na,na
ALEXANDRA PRIMARY SCHOOL,http://alexandrapri.moe.edu.sg,2A Prince Charles Crescent   ,159016,62485400,na,62485409,na,alexandra_ps@moe.edu.sg,"Redhill Station , Tiong Bahru Station","51, 122, 139, 186, 970.",MADAM TEO CHING LING,MADAM RAPS AZRINAH,MISS ACHARY GOPALAN SHIYAMALA,MR LOH KAH HONG,na,na,na,BUKIT MERAH,SOUTH,GOVERNMENT SCHOOL,CO-ED SCHOOL,SINGLE SESSION,PRIMARY,No,No,No,No,CHINESE,MALAY,TAMIL
ANCHOR GREEN PRIMARY SCHOOL,http://www.anchorgreenpri.moe.edu.sg,31 Anchorvale Drive   ,544969,68861356,na,63159825,na,anchorgreen_ps@moe.edu.sg,"MRT : NE16-Sengkang, LRT : SW7-TongKang","Bus 372, 110, 50",MR CHEONG LIT SERN WESLEY,MDM MUMTAAS BINTE MOHAMED KASSIM,MDM AU YARD WAH,na,na,na,na,SENG KANG,NORTH,GOVERNMENT SCHOOL,CO-ED SCHOOL,SINGLE SESSION,PRIMARY,No,No,No,No,CHINESE,MALAY,TAMIL
ANDERSON PRIMARY SCHOOL,http://www.andersonpri.moe.edu.sg,19 ANG MO KIO AVE 9   ,569785,64560340,na,65522310,na,anderson_ps@moe.edu.sg,"Yio Chu Kang MRT Station (NS 15), Lentor MRT Station (TE5)","Ang Mo Kio Ave 9 - Bus 76, 265, 268",MS SHIRLEY LEOW,MR BOH CHEK KEOW,MS CHUA JING HUI JOLYN,na,na,na,na,ANG MO KIO,NORTH,GOVERNMENT SCHOOL,CO-ED SCHOOL,SINGLE SESSION,PRIMARY,No,No,No,No,CHINESE,MALAY,TAMIL
ANG MO KIO PRIMARY SCHOOL,http://www.angmokiopri.moe.edu.sg,20 ANG MO KIO AVENUE 3   ,569920,64520794,na,64588121,na,amkps@moe.edu.sg,"Ang Mo Kio MRT Station, Mayflower MRT Station","76, 132, 165, 166, 169, 200, 000, 000",MR MUHAMMAD FARIZAL BIN UMAR EFFE,MISS CHEN YANTING NATHALIE,MR TAN YEW LEE,MADAM LIEW KAH CHANG ALETHEA,na,na,na,ANG MO KIO,SOUTH,GOVERNMENT SCHOOL,CO-ED SCHOOL,SINGLE SESSION,PRIMARY,No,No,No,No,CHINESE,MALAY,TAMIL
ANGLO-CHINESE SCHOOL (JUNIOR),www.acsj.moe.edu.sg,16 WINSTEDT ROAD   ,227988,67337911,67337912,67346518,na,acsj@moe.edu.sg,Newton MRT Station,"5, 54, 124, 143, 162, 162M, 167, 167e, 518, 518A, 972M",MISS CHEE CHUERN HWEI CHERYL,MR GOH SHEOW EN,MR FENG WENFU,MR AARON CHUA BEE HOCK,na,na,na,CENTRAL,SOUTH,GOVERNMENT-AIDED SCH,BOYS' SCHOOL,SINGLE SESSION,PRIMARY,No,No,No,No,CHINESE,MALAY,TAMIL
ANGLO-CHINESE SCHOOL (PRIMARY),http://www.acspri.moe.edu.sg/,50 BARKER ROAD   ,309918,62501633,na,63531366,na,acps@moe.edu.sg,Newton MRT Station,"Bus 48, 66, 67, 170, 960, 972M",MRS LEONG-HO HIL MAY,MADAM TEH HSIAO CHUIN,MR HUANG JUNXIAN JACHIN,MADAM SEOW LAY YEN,na,na,na,NOVENA,SOUTH,GOVERNMENT-AIDED SCH,BOYS' SCHOOL,SINGLE SESSION,PRIMARY,No,No,Yes,No,CHINESE,MALAY,TAMIL
ANGSANA PRIMARY SCHOOL,https://angsanapri.moe.edu.sg/,51 Tampines Street 61   ,528565,67830427,na,67845293,na,angsana_pri@moe.edu.sg,Tampines,"Bus Service 68, 68A",MR WONG WOEN LONG,MADAM SULASNI BINTE ABDUL RAHMAN,MADAM LEE HUAY MENG CAROL,MR KONG CHEE CHIEW,na,na,na,TAMPINES,EAST,GOVERNMENT SCHOOL,CO-ED SCHOOL,SINGLE SESSION,PRIMARY,No,No,No,No,CHINESE,MALAY,TAMIL
BEACON PRIMARY SCHOOL,https://beaconpri.moe.edu.sg/,36 Bukit Panjang Ring Road   ,679944,67697255,na,67697244,na,beaconprisch@moe.edu.sg,"Bangkit LRT, Fajar LRT Station, Bukit Panjang MRT","920, 922, 971, 972, 972A, 972M, 976",MISS NG SUAT THENG ANGELA,MADAM LELA BTE SHAMSUHADI,MISS MELISSA CHANG SUET MUN,MDM SOH SIOW YEN (SU XIAOYAN),na,na,na,BUKIT PANJANG,WEST,GOVERNMENT SCHOOL,CO-ED SCHOOL,SINGLE SESSION,PRIMARY,No,No,No,No,CHINESE,MALAY,TAMIL
BEDOK GREEN PRIMARY SCHOOL,http://www.bedokgreenpri.moe.edu.sg,1 BEDOK SOUTH AVE 2   ,469317,64425416,na,64491491,na,bgps@moe.edu.sg,"Bedok MRT Station, Tanah Merah MRT Station","Bus No. 2, 9, 12, 24, 31, 34 & 38",MR YONG YIK YEN BENJAMIN,MADAM SENTHIL POONKODI D/O R K,CHUA KOK SENG,na,na,na,na,BEDOK,EAST,GOVERNMENT SCHOOL,CO-ED SCHOOL,SINGLE SESSION,PRIMARY,No,No,No,No,CHINESE,MALAY,TAMIL
BENDEMEER PRIMARY SCHOOL,http://www.bendemeerpri.moe.edu.sg/,91 BENDEMEER ROAD   ,339948,62982911,na,62995735,na,bendemeer_ps@moe.edu.sg,"Boon Keng, Kallang","13 23 31 61 64 65 65M 66 125, 125X, 133, 140, 147, 853, 857, 985",MADAM LIM KIM GEK,MRS LINDA TAN,MR TOH KIM SING (ZHUO JINSHENG),MR TOO MENG NGEE,na,na,na,KALLANG,SOUTH,GOVERNMENT SCHOOL,CO-ED SCHOOL,SINGLE SESSION,PRIMARY,No,No,No,No,CHINESE,MALAY,TAMIL
BLANGAH RISE PRIMARY SCHOOL,http://www.blangahrisepri.moe.edu.sg/,91 TELOK BLANGAH HEIGHTS   ,109100,62717387,na,62763037,na,brps@moe.edu.sg,"Telok Blangah, Tiong Bahru & Redhill",SBS 273 & 124,MISS NG POR JOO PEARLY,MISS NARAYANASAMY UMA RANI,MR CHIONH BOON SOO,na,na,na,na,BUKIT MERAH,SOUTH,GOVERNMENT SCHOOL,CO-ED SCHOOL,SINGLE SESSION,PRIMARY,No,No,No,No,CHINESE,MALAY,TAMIL
BOON LAY GARDEN PRIMARY SCHOOL,www.boonlaygardenpri.moe.edu.sg,20 BOON LAY DRIVE   ,649930,63160998,na,63160209,na,blgps@moe.edu.sg,Lakeside & Boon Lay,"30, 99, 154, 178, 180, 187, 240, 246",MADAM CHRISTINE LIM MIN HUI,MADAM NG BOON IN,MRS AVINASH MURUGESUVARI,MR OH CHIN CHYE (HU JINCAI),na,na,na,JURONG WEST,WEST,GOVERNMENT SCHOOL,CO-ED SCHOOL,SINGLE SESSION,PRIMARY,No,No,No,No,CHINESE,MALAY,TAMIL
BUKIT PANJANG PRIMARY SCHOOL,http://www.bukitpanjangpri.moe.edu.sg,109 CASHEW ROAD   ,679676,67691912,na,67637462,na,bpps@moe.edu.sg,From Pending LRT station to Choa Chu Kang MRT station,"75, 184",MADAM LEN LENG LENG TERESA KELLY,MR CHAN WENG KIT MARK,MADAM KAY HWEE GEAK,na,na,na,na,BUKIT PANJANG,WEST,GOVERNMENT SCHOOL,CO-ED SCHOOL,SINGLE SESSION,PRIMARY,No,No,No,No,CHINESE,MALAY,TAMIL
BUKIT TIMAH PRIMARY SCHOOL,http://www.bukittimahpri.moe.edu.sg,111 Lorong Kismis   ,598112,64662863,na,64692179,na,bukittimahps@moe.edu.sg,"Beauty World, Bukit Batok and Clementi Stations",173,MISS LAU WAN SZE,MDM JAN LIN,"MADAM KOH LEE KUN, SHIRLYN",na,na,na,na,BUKIT TIMAH,WEST,GOVERNMENT SCHOOL,CO-ED SCHOOL,SINGLE SESSION,PRIMARY,No,No,No,No,CHINESE,MALAY,TAMIL
BUKIT VIEW PRIMARY SCHOOL,http://www.bukitviewpri.moe.edu.sg,18 BUKIT BATOK STREET 21   ,659634,65661980,na,65635015,na,bukitview_ps@moe.edu.sg,Bukit Batok MRT Station,"173, 157, 178, 852, 66, 106, 61, 506, 963, 77",MADAM TEO ENG HUI,MRS LEE JUN WEN,MR TAY JIA MING TERENCE,MR GOH GIN HOWE,na,na,na,BUKIT BATOK,WEST,GOVERNMENT SCHOOL,CO-ED SCHOOL,SINGLE SESSION,PRIMARY,No,No,No,No,CHINESE,MALAY,TAMIL
CANBERRA PRIMARY SCHOOL,http://www.canberrapri.moe.edu.sg,21 ADMIRALTY DRIVE   ,757714,67597433,na,67587312,na,canberra_ps@moe.edu.sg,Sembawang MRT Station,Bus No. 859,MR TAN SIAN YEOW TERENCE,MADAM ONG LIXIANG JOYCE,MR SHAH JAHAN B MOHAMED IQBAL,MR TAY YU ZHE,na,na,na,SEMBAWANG,NORTH,GOVERNMENT SCHOOL,CO-ED SCHOOL,SINGLE SESSION,PRIMARY,No,No,No,No,CHINESE,MALAY,TAMIL
CANOSSA CATHOLIC PRIMARY SCHOOL,https://canossacatholicpri.moe.edu.sg/,1 Sallim Road   ,387621,68441418,na,68441417,na,ccps@moe.edu.sg,Nearest MRT station: Mattar Station (about 3-minute walk),"Aljunied Road (same side as CCPS): 62, 64, 100, Aljunied Road (opposite CCPS): 61, 62, 64, 66, 100, 135, 154, 155, Merpati Rd (after Jln Anggerek): 40, 61, 63, 65, 66, 135",MADAM SIA LU-MING EUGENIE,MR LEE KOK MENG CLEMENT,MR LIM TIAN SIONG,na,na,na,na,GEYLANG,EAST,GOVERNMENT-AIDED SCH,CO-ED SCHOOL,SINGLE SESSION,PRIMARY,No,No,No,No,CHINESE,MALAY,TAMIL
CANTONMENT PRIMARY SCHOOL,http://www.cantonmentpri.moe.edu.sg,1 CANTONMENT CLOSE   ,88256,65119555,na,65119556,na,cantonment_ps@moe.edu.sg,"Tanjong Pagar, Outram Park","121, 167, 196",MADAM FOO YIN PING GRACE,MRS JANE CHEAH,MR YEO SHO HOR,MR LOH SIANG KIANG,na,na,na,BUKIT MERAH,SOUTH,GOVERNMENT SCHOOL,CO-ED SCHOOL,SINGLE SESSION,PRIMARY,No,No,No,No,CHINESE,MALAY,TAMIL
CASUARINA PRIMARY SCHOOL,http://www.casuarinapri.moe.edu.sg/,30 PASIR RIS ST 41   ,518935,65837132,na,65836227,na,casuarina_ps@moe.edu.sg,Pasir Ris MRT Station,"Nos. 12, 21 & 358",MR POH CHEE YANG,MR TAYEB B RAJIB,MADAM HAFSAH BINTE ABDULLAH,na,na,na,na,PASIR RIS,EAST,GOVERNMENT SCHOOL,CO-ED SCHOOL,SINGLE SESSION,PRIMARY,No,No,No,No,CHINESE,MALAY,TAMIL
CEDAR PRIMARY SCHOOL,http://www.cedarpri.moe.edu.sg,15 CEDAR AVENUE   ,349700,62885633,na,62830113,na,cedar_ps@moe.edu.sg,Potong Pasir MRT Station,"8, 61, 64, 65, 66, 66A, 90, 90A, 100, 135, 151, 154, 155",MR CHRIS CHUA,MS CHOONG PEI CHIN,MISS LEONG MEI YAN AMELIA,MR NG CHU SIU,na,na,na,TOA PAYOH,SOUTH,GOVERNMENT SCHOOL,CO-ED SCHOOL,SINGLE SESSION,PRIMARY,No,No,No,No,CHINESE,MALAY,TAMIL
CHANGKAT PRIMARY SCHOOL,http://www.changkatpri.moe.edu.sg/,11 SIMEI ST 3   ,529896,67830923,na,67844740,na,changkat_ps@moe.edu.sg,Simei MRT Station,"9, 38, 5",MADAM RATNA KUMARI D/O R RAMACHANDRA,MRS LEE LI THENG,MADAM SITI NAZRAH BTE ABDUL RAHMAN,na,na,na,na,TAMPINES,EAST,GOVERNMENT SCHOOL,CO-ED SCHOOL,SINGLE SESSION,PRIMARY,No,No,No,No,CHINESE,MALAY,TAMIL
CHIJ (KATONG) PRIMARY,http://chijkcp.moe.edu.sg/,17 MARTIA ROAD   ,424821,63443072,na,63459007,na,chijktps@moe.edu.sg,"MARINE PARADE, EUNOS, PAYA LEBAR","15, 55, 36, 16, 135, 197, 196, 31, 13, 76, 12, 10, 14, 32, 40",MADAM MISCHA LEIGH PEREIRA,MADAM TAN POH KUAN JOYCELYN,MISS SHARON NG YE CHIN,MR ONG HENG KIONG (KONG QINGQIANG),na,na,na,BEDOK,EAST,GOVERNMENT-AIDED SCH,GIRLS' SCHOOL,SINGLE SESSION,PRIMARY,No,No,No,No,CHINESE,MALAY,TAMIL
CHIJ (KELLOCK),http://www.chijkellock.moe.edu.sg/,1 Bukit Teresa Road   ,99757,62730096,na,62731710,na,chijks@moe.edu.sg,Outram Park Station,"61, 124, 143, 166",MRS SHANTHI SURAJ NAIR,MADAM YUE  SHARON,MISS VALERIE JOAN BAPTIST,na,na,na,na,BUKIT MERAH,SOUTH,GOVERNMENT-AIDED SCH,GIRLS' SCHOOL,SINGLE SESSION,PRIMARY,No,No,No,No,CHINESE,MALAY,TAMIL
CHIJ OUR LADY OF GOOD COUNSEL,http://www.chijourladyofgoodcounsel.moe.edu.sg,2C Burghley Drive   ,558979,62886930,na,62814132,na,chijolgcs@moe.edu.sg,"Ang Mo Kio MRT, Bishan MRT, Serangoon MRT station.","317 Feeder Bus Service from Serangoon Interchange. 135, 136 from Ang Mo Kio Interchange.",MISS TAN LEE YIN GRACE,MISS LIAT MEI KUEN GERALDINE SHARON,MRS WONG- LIM ENG LING ANGELINA,na,na,na,na,SERANGOON,SOUTH,GOVERNMENT-AIDED SCH,GIRLS' SCHOOL,SINGLE SESSION,PRIMARY,No,No,No,No,CHINESE,MALAY,TAMIL
CHIJ OUR LADY OF THE NATIVITY,http://www.chijourladyofthenativity.moe.edu.sg/,1257 UPPER SERANGOON ROAD   ,534793,63852455,na,63852012,na,chijoln@moe.edu.sg,Hougang MRT,"74, 102, 112, 113, 119, 136, 147, 324, 672",MS ALBUQUERQUE KAREN ANNE,MADAM WONG YEN LING,MISS LUM CINDY,MRS TAN-YEO WEE PIN,na,na,na,HOUGANG,SOUTH,GOVERNMENT-AIDED SCH,GIRLS' SCHOOL,SINGLE SESSION,PRIMARY,No,No,No,No,CHINESE,MALAY,TAMIL
CHIJ OUR LADY QUEEN OF PEACE,http://www.chijourladyqueenofpeace.moe.edu.sg/,4 Chestnut Drive   ,679287,67691529,na,67653551,na,chijolqp@moe.edu.sg,Cashew and Hillview,"180, 67, 171, 176, 177, 178, 184, 961, 963, 970",MS PHAM HONG LIEN PHYLLIS G.,MADAM ADELINE CHONG NGOR YIM,MADAM SNG POH GEOK,na,na,na,na,BUKIT PANJANG,WEST,GOVERNMENT-AIDED SCH,GIRLS' SCHOOL,SINGLE SESSION,PRIMARY,No,No,No,No,CHINESE,MALAY,TAMIL
CHIJ PRIMARY (TOA PAYOH),http://www.chijpritoapayoh.moe.edu.sg,628 Lorong 1 Toa Payoh   ,319765,63532164,na,63536362,na,chijtpps@moe.edu.sg,Toa Payoh,"59, 231, 141",MADAM CHUA SOOK LIAN JUDINA,MRS MELISSA YAP,MISS IMELDA JOY TAN PEK THIAN,MADAM YVONNE LIM BUAY HUANG (LIN MEIFANG),na,na,na,TOA PAYOH,SOUTH,GOVERNMENT-AIDED SCH,GIRLS' SCHOOL,SINGLE SESSION,PRIMARY,No,No,No,No,CHINESE,MALAY,TAMIL
CHONGFU SCHOOL,http://www.chongfu.moe.edu.sg/,170 YISHUN AVENUE 6   ,768959,67585527,na,62579571,na,cfs@moe.edu.sg,Yishun MRT station,Feeder Service 811,MR TAN KING MING,MISS LEA SHU HUI,MISS CHOI PEI LING,na,na,na,na,YISHUN,NORTH,GOVERNMENT-AIDED SCH,CO-ED SCHOOL,SINGLE SESSION,PRIMARY,No,No,No,No,CHINESE,MALAY,TAMIL
CHONGZHENG PRIMARY SCHOOL,http://www.chongzhengpri.moe.edu.sg,1 TAMPINES STREET 21   ,529392,67819002,na,67845054,na,czps@moe.edu.sg,"Tampines MRT Station, Tampines East MRT Station","3, 3A, 8, 17, 18, 20, 28, 34, 39, 59, 518",MR LIM WEE JAMES,MADAM RANJIT KAUR D/O MUKHTAR SINGH,MISS LIAW SHAOJUN,na,na,na,na,TAMPINES,EAST,GOVERNMENT SCHOOL,CO-ED SCHOOL,SINGLE SESSION,PRIMARY,No,No,No,No,CHINESE,MALAY,TAMIL
CHUA CHU KANG PRIMARY SCHOOL,http://www.chuachukangpri.moe.edu.sg,20 CHOA CHU KANG AVENUE 2   ,689905,67661574,na,67661583,na,cckps@moe.edu.sg,"Choa Chu Kang MRT Station and, Southview LRT Station","Bus Service 300, 301 and NR3 along Chua Chu Kang Ave 2, Bus Service 172, 301, 991 along Chua Chu Kang Ave 1",MR QUEK SWEE NEE,MADAM CHEW BOON HWEE,MADAM CHUA MUI LING,MADAM PUSPHAALATHA D/O AYAVOO,na,na,na,CHOA CHU KANG,WEST,GOVERNMENT SCHOOL,CO-ED SCHOOL,SINGLE SESSION,PRIMARY,No,No,No,No,CHINESE,MALAY,TAMIL
CLEMENTI PRIMARY SCHOOL,http://www.clementipri.moe.edu.sg,8 CLEMENTI AVE 3   ,129903,67797449,na,67732898,na,admin_clementi_ps@moe.edu.sg,Clementi MRT Station,We are just beside Clementi Bus Interchange.,MR VIMALENTHIRAN S/O VIJAYASINGAM,MADAM KHOO HENG OI CATHERINE,MADAM LOW TAN YING,MR LEE ENG LOO,na,na,na,CLEMENTI,WEST,GOVERNMENT SCHOOL,CO-ED SCHOOL,SINGLE SESSION,PRIMARY,No,No,No,No,CHINESE,MALAY,TAMIL
COMPASSVALE PRIMARY SCHOOL,http://www.compassvalepri.moe.edu.sg/,21 COMPASSVALE ST   ,545091,63882819,na,63882798,na,cvps@moe.edu.sg,Sengkang,"83 (along Compassvale Street), 27, 89, 89E & 965 (along Compassvale Road).",MR VINCENT LEE WEI YEE,MRS MARIA KOH,MR CHIN WENG KIT KELVIN,MR KHOU BENG CHEW,na,na,na,SENG KANG,NORTH,GOVERNMENT SCHOOL,CO-ED SCHOOL,SINGLE SESSION,PRIMARY,No,No,No,No,CHINESE,MALAY,TAMIL
CONCORD PRIMARY SCHOOL,http://www.concordpri.moe.edu.sg/,3 CHOA CHU KANG AVE 4   ,689814,67632139,na,67632452,na,concord_ps@moe.edu.sg,Choa Chu Kang MRT Station,Bus 300 and 983,MDM CHUA LENG YIN,MADAM GOH PUAY HOON JENNY,MADAM SALBIAH BTE ABAS,na,na,na,na,CHOA CHU KANG,WEST,GOVERNMENT SCHOOL,CO-ED SCHOOL,SINGLE SESSION,PRIMARY,No,No,No,No,CHINESE,MALAY,TAMIL
CORPORATION PRIMARY SCHOOL,http://www.corporationpri.moe.edu.sg,31 JURONG WEST STREET 24   ,648347,67957381,na,67957098,na,cps@moe.edu.sg,"BOON LAY STATION, LAKESIDE STATION","157 (from Boon Lay Interchange), or 185",MR MUHAMMAD FADYLLA B RASHIMAN,MDM GOH MUI EE,MADAM NG SEOW WEI JOSEPHINE,na,na,na,na,JURONG WEST,WEST,GOVERNMENT SCHOOL,CO-ED SCHOOL,SINGLE SESSION,PRIMARY,No,No,No,No,CHINESE,MALAY,TAMIL
DAMAI PRIMARY SCHOOL,http://www.damaipri.moe.edu.sg,52 BEDOK RESERVOIR CRESCENT   ,479226,64456483,na,64499681,na,damai_ps@moe.edu.sg,Bedok North MRT Station,"Bus 228, 66, 65, 22, 21, 5 and 506",MRS LEONG- TAN LING LING JENNY,MADAM LIM PECK CHIN YENLYN,MR MOHAMED JURAIMI BIN ABDUL MUHIN,na,na,na,na,BEDOK,EAST,GOVERNMENT SCHOOL,CO-ED SCHOOL,SINGLE SESSION,PRIMARY,No,No,No,No,CHINESE,MALAY,TAMIL
DAZHONG PRIMARY SCHOOL,http://www.dazhongpri.moe.edu.sg,35 BUKIT BATOK STREET 31   ,659441,65658002,na,65636421,na,dazhong_ps@moe.edu.sg,Bukit Gombak,"187, 188",MR CHRIS LOH KAI MUN,MR KOH KAH HOCK,MRS LIM SEOW KHIM MRS BOEY- LIM SEOW KHIM,MDM NUR JANNAH BTE JURI,MISS TAN HUI YAH,na,na,BUKIT BATOK,WEST,GOVERNMENT SCHOOL,CO-ED SCHOOL,SINGLE SESSION,PRIMARY,No,No,No,No,CHINESE,MALAY,TAMIL
DE LA SALLE SCHOOL,http://www.delasalle.moe.edu.sg,11 Choa Chu Kang St 52   ,689285,67667675,na,67622075,na,dlss@moe.edu.sg,YEW TEE MRT,"TIBS 302, 979",MADAM CHERYL CHOO SHUEH-LI,MISS CECILIA TAN LI HUA,MISS LIU JIAZHEN ADELINE,MR ONG SWEE HUAT ANDREW,na,na,na,CHOA CHU KANG,WEST,GOVERNMENT-AIDED SCH,CO-ED SCHOOL,SINGLE SESSION,PRIMARY,No,No,No,No,CHINESE,MALAY,TAMIL
EAST SPRING PRIMARY SCHOOL,http://www.eastspringpri.moe.edu.sg,31 TAMPINES ST 33   ,529258,67866192,na,67866649,na,esps@moe.edu.sg,Tampines,"291, 28, 18",MADAM NEO LAY WAH,MADAM FAZILAH MARICAR D/O MD ALI M,MS NG HUI ENG,na,na,na,na,TAMPINES,EAST,GOVERNMENT SCHOOL,CO-ED SCHOOL,SINGLE SESSION,PRIMARY,No,No,No,No,CHINESE,MALAY,TAMIL
EDGEFIELD PRIMARY SCHOOL,http://www.edgefieldpri.moe.edu.sg,41 EDGEFIELD PLAINS   ,828869,63126091,na,63126093,na,edgefield_ps@moe.edu.sg,Punggol MRT,"3, 34, 62, 82, 83, 136",MADAM RABIATHUL BAZRIYA D/O ABU BAKAR,MR YAP LIH MIN SAMUEL,MS TAN PEY SAN,TEH CHONG ANN,na,na,na,PUNGGOL,EAST,GOVERNMENT SCHOOL,CO-ED SCHOOL,SINGLE SESSION,PRIMARY,No,No,No,No,CHINESE,MALAY,TAMIL
ELIAS PARK PRIMARY SCHOOL,http://www.eliasparkpri.moe.edu.sg,11 PASIR RIS STREET 52   ,518866,65844393,na,65844392,na,epps@moe.edu.sg,Pasir Ris MRT,"3, 15, 39, 53, 81, 88, 89, 357, 403, 518",MADAM NURAZIAN BINTE BAJURI,MR HO FU CHEW,PEH BEE KUAN,na,na,na,na,PASIR RIS,EAST,GOVERNMENT SCHOOL,CO-ED SCHOOL,SINGLE SESSION,PRIMARY,No,No,No,No,CHINESE,MALAY,TAMIL
ENDEAVOUR PRIMARY SCHOOL,https://endeavourpri.moe.edu.sg/,10 Admiralty Link   ,757521,64824650,64824835,64824670,na,endeavour_ps@moe.edu.sg,Sembawang MRT Station,"859, 962",MR KOH KIAN SENG THOMAS,MISS FAUZIAH DAUD,MISS CELESTE LOH SHI MIN,MISS LEE SWEE HOON JOYCE,na,na,na,SEMBAWANG,NORTH,GOVERNMENT SCHOOL,CO-ED SCHOOL,SINGLE SESSION,PRIMARY,No,No,No,No,CHINESE,MALAY,TAMIL
EVERGREEN PRIMARY SCHOOL,http://www.evergreenpri.moe.edu.sg/,31 WOODLANDS CIRCLE   ,738908,63687705,na,63688084,na,evergreen_ps@moe.edu.sg,Admiralty,"913(front), 911 & 858(back)",MR JEFFREY AW,MR BOH CHUAN XIANG,MADAM ONG HWEE LENG,MR CHENG YOU NENG,na,na,na,WOODLANDS,NORTH,GOVERNMENT SCHOOL,CO-ED SCHOOL,SINGLE SESSION,PRIMARY,No,No,No,No,CHINESE,MALAY,TAMIL
FAIRFIELD METHODIST SCHOOL (PRIMARY),http://www.fmsp.moe.edu.sg/,100 DOVER ROAD   ,139648,67788431,na,67762948,na,fmsp@moe.edu.sg,"One-North MRT, Buona Vista MRT & Dover MRT","SBS Bus 14, 33, 74, 166 & 196",MADAM WONG MEI FOONG,MADAM QUEK TSUI LAN PRISCA,MR KNG WEE BENG,MR BOH HONG JIK,na,na,na,QUEENSTOWN,SOUTH,GOVERNMENT-AIDED SCH,CO-ED SCHOOL,SINGLE SESSION,PRIMARY,No,No,No,No,CHINESE,MALAY,TAMIL
FARRER PARK PRIMARY SCHOOL,http://www.farrerparkpri.moe.edu.sg,2 FARRER PARK ROAD   ,217567,62952272,na,62942272,na,fpps@moe.edu.sg,Farrer Park MRT Station,131,"MR YAP SWEE BENG, DENNIS",MADAM RAHIMA BTE ABDUL RAHMAN,MS JANICE BEH,MR YONG WEI LEONG,na,na,na,KALLANG,SOUTH,GOVERNMENT SCHOOL,CO-ED SCHOOL,SINGLE SESSION,PRIMARY,No,No,No,No,CHINESE,MALAY,TAMIL
FENGSHAN PRIMARY SCHOOL,http://www.fengshanpri.moe.edu.sg,307 BEDOK NORTH ROAD   ,469680,65860123,na,65860122,na,fsps@moe.edu.sg,Bedok MRT,"18, 228, 222, 17, 69, 66, 67, 168, 28, 506, 14, 45",MISS WONG LIANG- JI TABITHA,MADAM LAI KAI CHING,MISS SHAMILAH,MS SIEW GEOK LING (SHAO YULING),na,na,na,BEDOK,EAST,GOVERNMENT SCHOOL,CO-ED SCHOOL,SINGLE SESSION,PRIMARY,No,No,No,No,CHINESE,MALAY,TAMIL
FERN GREEN PRIMARY SCHOOL,www.ferngreenpri.moe.edu.sg,70 Fernvale Link   Fern Green Primary School,797538,68343100,na,68343116,na,ferngreen_ps@moe.edu.sg,Kupang LRT Station (SW3),"85, 102",MS KONG YEE LOON,MADAM KYLICIA SOO GEOK LING,MISS CHOW CHIA MIN AGNES,"MADAM QUEK HWEE PENG, ANDREA (GUO HUIPING, ANDREA)",na,na,na,SENG KANG,NORTH,GOVERNMENT SCHOOL,CO-ED SCHOOL,SINGLE SESSION,PRIMARY,No,No,No,No,CHINESE,MALAY,TAMIL
FERNVALE PRIMARY SCHOOL,www.fernvalepri.moe.edu.sg,1 Fernvale Lane   ,797701,63153051,na,63153067,na,fernvale_ps@moe.edu.sg,Fernvale LRT (Sengkang West Loop),"Along Sengkang West Ave - Bus Services 50, 163; Along Yio Chu Kang Road - Bus Services 70, 86, 103 and 854.",MR LAU ENOCH,MR RAMESH MUKUNDHAN,MADAM ONG SIM HWEE,MR KEVIN PATT,na,na,na,SENG KANG,NORTH,GOVERNMENT SCHOOL,CO-ED SCHOOL,SINGLE SESSION,PRIMARY,No,No,No,No,CHINESE,MALAY,TAMIL
FIRST TOA PAYOH PRIMARY SCHOOL,http://www.firsttoapayohpri.moe.edu.sg,7 LORONG 8 TOA PAYOH   ,319252,62567822,na,62561102,na,ftpps@moe.edu.sg,Braddell & Toa Payoh Stations,"157, 153, 105, 159, 88, FS238",MADAM JENNIFER HAN ENG JUAN,MADAM LEE SWEE MEI CHERYL,MS TAY YAM ENG,na,na,na,na,TOA PAYOH,SOUTH,GOVERNMENT SCHOOL,CO-ED SCHOOL,SINGLE SESSION,PRIMARY,No,No,No,No,CHINESE,MALAY,TAMIL
FRONTIER PRIMARY SCHOOL,http://www.frontierpri.moe.edu.sg,20 Jurong West Street 61   ,648200,65789555,na,67908596,na,frontier_ps@moe.edu.sg,Pioneer MRT Station (EW28),"241, 974, 179","MADAM ANG CHAI TING, JESSIE",MADAM WONG SHI-LEI,MISS NGIAM WEE HENG,MR ANG BOON CHIN,na,na,na,JURONG WEST,WEST,GOVERNMENT SCHOOL,CO-ED SCHOOL,SINGLE SESSION,PRIMARY,No,No,No,No,CHINESE,MALAY,TAMIL
FUCHUN PRIMARY SCHOOL,http://www.fuchunpri.moe.edu.sg,23 WOODLANDS AVENUE 1   ,739063,63683925,na,63670117,na,fcps@moe.edu.sg,Marsiling,"187, 856, 912, 925, 950, 960, 961, 963, 963E, 963R, 966",MADAM EUNICE LIM,MR SUDHESH VASU DASH,MR TAN CHIN KEE,na,na,na,na,WOODLANDS,NORTH,GOVERNMENT SCHOOL,CO-ED SCHOOL,SINGLE SESSION,PRIMARY,No,No,No,No,CHINESE,MALAY,TAMIL
FUHUA PRIMARY SCHOOL,http://www.fuhuapri.moe.edu.sg,65 JURONG EAST STREET 13   ,609647,65624370,na,65639542,na,fhps@moe.edu.sg,JURONG EAST MRT STATION,"JURONG EAST CENTRAL (BS28441): 41, 49, 52, 105, 160, 160A, 160M, 176, 183, 334, 506, JURONG EAST CENTRAL (BS28431):51, 66, 78, 79, 143, 143M, 176, 335",MR GANESAN S/O RAMAN,MADAM SEOW SWEE NEO CHRISTINA,MR MUSA B ABDUL KADIR,na,na,na,na,JURONG EAST,WEST,GOVERNMENT SCHOOL,CO-ED SCHOOL,SINGLE SESSION,PRIMARY,No,No,No,No,CHINESE,MALAY,TAMIL
GAN ENG SENG PRIMARY SCHOOL,http://www.ganengsengpri.moe.edu.sg,100 REDHILL CLOSE   ,158901,64717451,na,64794152,na,gesps@moe.edu.sg,Redhill,"14, 63, 147, 196, 197, 855, 961","MR LEE WEI YAP, ROY",MADAM CHUA SEOK PENG ANGELIA,MADAM WONG SEOK GHEE,na,na,na,na,BUKIT MERAH,SOUTH,GOVERNMENT SCHOOL,CO-ED SCHOOL,SINGLE SESSION,PRIMARY,No,No,No,No,CHINESE,MALAY,TAMIL
GEYLANG METHODIST SCHOOL (PRIMARY),www.geylangmethodistpri.moe.edu.sg,4 Geylang East Central   ,389706,67486746,na,67488980,na,gmsp@moe.edu.sg,Aljunied,"80, 134, 155",MADAM LEONG BENG YUET DAPHNE,MR LUA EE PING,MADAM ALISON ANG SIOK PHING,MADAM SHARON CHANTALE KOK YENG LING,na,na,na,GEYLANG,EAST,GOVERNMENT-AIDED SCH,CO-ED SCHOOL,SINGLE SESSION,PRIMARY,No,No,No,No,CHINESE,MALAY,TAMIL
GONGSHANG PRIMARY SCHOOL,http://www.gongshangpri.moe.edu.sg,1 TAMPINES STREET 42   ,529176,67831191,na,67880004,na,gsps@moe.edu.sg,Tampines (Downtown Line and East West Line) and Tampines East (Downtown Line),"4, 8, 18, 19, 21, 37, 38, 81, 293",MRS STELLA KWAN,MDM NORA BTE OSMAN,MRS YIO YEN LING SELINA,MR FONG WAI KHIN,na,na,na,TAMPINES,EAST,GOVERNMENT SCHOOL,CO-ED SCHOOL,SINGLE SESSION,PRIMARY,No,No,No,No,CHINESE,MALAY,TAMIL
GREENDALE PRIMARY SCHOOL,http://www.greendalepri.moe.edu.sg,50 Edgedale Plains   ,828848,68861413,na,68861419,na,greendale_ps@moe.edu.sg,"Punggol, LRT:  Coral Edge","3, 62, 83, 85, 386",MADAM NOORISMAWATY BTE ISMAIL,MR SIM CHIN BENG WILSON,"MDM TEO LIAN ENG, LINDA",MR CHING KIN HIN,na,na,na,PUNGGOL,EAST,GOVERNMENT SCHOOL,CO-ED SCHOOL,SINGLE SESSION,PRIMARY,No,No,No,No,CHINESE,MALAY,TAMIL
GREENRIDGE PRIMARY SCHOOL,http://www.greenridgepri.moe.edu.sg,11 JELAPANG ROAD   ,677744,67604265,na,67620189,na,grps@moe.edu.sg,"Senja LRT station, Jelapang LRT Station","Bus 920, 922, 972",MADAM ONG FEI MIN,MR WONG SUNG LAI,MDM LAKSHMI ARIVANANTHAN,na,na,na,na,BUKIT PANJANG,WEST,GOVERNMENT SCHOOL,CO-ED SCHOOL,SINGLE SESSION,PRIMARY,No,No,No,No,CHINESE,MALAY,TAMIL
GREENWOOD PRIMARY SCHOOL,http://www.greenwoodpri.moe.edu.sg,11 WOODLANDS  DR  62   ,737942,63666158,na,63666159,na,greenwood_ps@moe.edu.sg,Admiralty MRT Station,"912, 913, 962",MADAM TANG PEI LU TRICILIA,MR LEE HUAN SIAK,MR MOHAMAD FAISAL BIN JAMAIN,MR TAN KAR WEE,na,na,na,WOODLANDS,NORTH,GOVERNMENT SCHOOL,CO-ED SCHOOL,SINGLE SESSION,PRIMARY,No,No,No,No,CHINESE,MALAY,TAMIL
HAIG GIRLS' SCHOOL,http://www.haiggirls.moe.edu.sg,51 Koon Seng Road   ,427072,63440293,na,64474169,na,haiggirlssch@moe.edu.sg,"Eunos, Dakota","16, 33",MS MARION DONNE TAY SZE LENG (ZHENG SHILING),MADAM GOH SWEE LIN EVELYN,MISS SEAH XIAO YUN SHERLYN,na,na,na,na,GEYLANG,EAST,GOVERNMENT SCHOOL,GIRLS' SCHOOL,SINGLE SESSION,PRIMARY,No,No,No,No,CHINESE,MALAY,TAMIL
HENRY PARK PRIMARY SCHOOL,http://www.henryparkpri.moe.edu.sg,1 HOLLAND GROVE ROAD   ,278790,64663600,na,64691840,na,hpps@moe.edu.sg,"Buona Vista MRT, Clementi MRT","7, 61, 75, 156, 157, 165, 92",MR CHAN GEOK ANN CHARLES,MR CHUA CHYE HOCK,MRS JEAN TOH,MISS REGINA KIM LEE HOON,na,na,na,BUKIT TIMAH,WEST,GOVERNMENT SCHOOL,CO-ED SCHOOL,SINGLE SESSION,PRIMARY,No,No,Yes,No,CHINESE,MALAY,TAMIL
HOLY INNOCENTS' PRIMARY SCHOOL,http://www.holyinnocentspri.moe.edu.sg/,5 Lorong Low Koon   ,536451,62886516,na,62876393,na,holyinnocentspri@moe.edu.sg,2km walk to Hougang MRT,"51, 72, 80, 101, 119, 132, 136, 153.",MISS SEET ENG GEOK LENA,MADAM TOO SIEW HAN JOYCE,MADAM GOH HUI CHENG,MR NG CHEONG ANN,na,na,na,HOUGANG,SOUTH,GOVERNMENT-AIDED SCH,CO-ED SCHOOL,SINGLE SESSION,PRIMARY,Yes,No,No,No,CHINESE,na,na
HONG WEN SCHOOL,http://www.hongwen.moe.edu.sg,30 TOWNER ROAD   ,327829,62943340,na,62937625,na,hws@moe.edu.sg,Boon Keng MRT,"Serangoon Road: 13, 23, 31, 64, 65, 66, 125, 133, 147, 857, 985, Balestier Road: 21, 125, 130, 139, 145",MRS THERESA HONG-NG,MR ONG SZE CHONG,MISS TEO AI LIN,MADAM CHRISTINE POON TZE MEI,na,na,na,KALLANG,SOUTH,GOVERNMENT-AIDED SCH,CO-ED SCHOOL,SINGLE SESSION,PRIMARY,Yes,No,No,No,CHINESE,na,na
HORIZON PRIMARY SCHOOL,http://www.horizonpri.moe.edu.sg,61 Edgedale Plains   ,828819,67535411,na,67523971,na,horizon_ps@moe.edu.sg,"Punggol MRT Station (NE17), (LRT: Kadaloor [PE5] or Oasis [PE6])","3, 50, 83, 85, 569",MADAM CHIA HUI KHIM,"MISS SEET SIEW LIN, PAMELA",MR AMRAN B TASRIF,MR PHANG CHEE KHENG,na,na,na,PUNGGOL,EAST,GOVERNMENT SCHOOL,CO-ED SCHOOL,SINGLE SESSION,PRIMARY,No,No,No,No,CHINESE,MALAY,TAMIL
HOUGANG PRIMARY SCHOOL,http://www.hougangpri.moe.edu.sg/,1 HOUGANG ST 93   ,534238,64897445,na,64897446,na,hougang_ps@moe.edu.sg,"Ang Mo Kio, Buangkok, Hougang, Sengkang, Yio Chu Kang","SBS 43, 72, 88, 101, 109, 116, 156, 159, 325, 329","MR GOH WAI MIN, JASON",MISS LIEW PANG HAI,MADAM SHARIFAH FAIRUZ BTE S Y A,MADAM LIM SIEW GIM,na,na,na,HOUGANG,NORTH,GOVERNMENT SCHOOL,CO-ED SCHOOL,SINGLE SESSION,PRIMARY,No,No,No,No,CHINESE,MALAY,TAMIL
HUAMIN PRIMARY SCHOOL,http://www.huaminpri.moe.edu.sg,21 YISHUN AVENUE 11   ,768857,67529004,na,67552455,na,huamin_ps@moe.edu.sg,Yishun MRT Station,"806, 804",MADAM LOE LAI PINK,MADAM BALAKRISHNAN CORINNE ANNE,MR HONG CHIN KEAT,MR LEE LIN CHIEH,na,na,na,YISHUN,NORTH,GOVERNMENT SCHOOL,CO-ED SCHOOL,SINGLE SESSION,PRIMARY,No,No,No,No,CHINESE,MALAY,TAMIL
INNOVA PRIMARY SCHOOL,http://www.innovapri.moe.edu.sg/,80 Woodlands Drive 17   ,737888,68944693,na,68942573,na,innova_pri@moe.edu.sg,Woodlands,"900A (weekdays only - 7.00 am to 8.30 am & 4.30 pm to 6.30 pm), 901",MR YEE YEW LOONG,MR LAU YEAN HUI,na,na,na,na,na,WOODLANDS,NORTH,GOVERNMENT SCHOOL,CO-ED SCHOOL,SINGLE SESSION,PRIMARY,No,No,No,No,CHINESE,MALAY,TAMIL
JIEMIN PRIMARY SCHOOL,http://www.jieminpri.moe.edu.sg,2 YISHUN STREET 71   ,768515,67586472,na,67559958,na,jiemin_ps@moe.edu.sg,Yishun MRT Station,"167, 169, 171, 800, 811, 000, 000, 000, 000, 000, 000",MR ANDY MICKEY CHOONG TEK CHOY,MISS WONG KAH WAN JOY,MR AHMAD ZAKIR BIN MOKHTAR,na,na,na,na,YISHUN,NORTH,GOVERNMENT SCHOOL,CO-ED SCHOOL,SINGLE SESSION,PRIMARY,No,No,No,No,CHINESE,MALAY,TAMIL
JING SHAN PRIMARY SCHOOL,http://www.jingshanpri.moe.edu.sg,5 ANG MO KIO ST 52   ,569228,64566305,na,64581619,na,jsps@moe.edu.sg,Ang Mo Kio MRT,Bus 265,MADAM BOEY HUEY PENG SHARON,MR JONATHON LOH,MR KOH PENG YEOW,MISS LIM EE LENG ELLEN,na,na,na,ANG MO KIO,SOUTH,GOVERNMENT SCHOOL,CO-ED SCHOOL,SINGLE SESSION,PRIMARY,No,No,No,No,CHINESE,MALAY,TAMIL
JUNYUAN PRIMARY SCHOOL,https://junyuanpri.moe.edu.sg,2 Tampines Street 91   ,528906,67830375,na,67887395,na,junyuan_ps@moe.edu.sg,Tampines West (Downtown Line); Tampines (East-West Line),"76281: 46, 65, 129, 76061: 10, 15, 20, 21, 23, 27, 31, 34, 39, 67, 168, 292, 75051: 5, 8, 15, 18, 21, 23, 28, 59, 67, 118, 168, 513, 518",MR CHAN WENG CHEONG,MRS CHEANG MENG TSING,MADAM CHUT SHI LIN,MR WILLIAM CHUE WAI LEONG,na,na,na,TAMPINES,EAST,GOVERNMENT SCHOOL,CO-ED SCHOOL,SINGLE SESSION,PRIMARY,No,No,No,No,CHINESE,MALAY,TAMIL
JURONG PRIMARY SCHOOL,http://www.jurongpri.moe.edu.sg,320 JURONG EAST Street 32   ,609476,65618837,na,65641964,na,jps@moe.edu.sg,"Lakeside MRT Station, Jurong East MRT Station",333,MR LEONARD CHUA,MISS TAN PEIRU,MRS PRABAVATHY D/O SIVAPERUMAN,MR TAN YUAN SHIN,na,na,na,JURONG EAST,WEST,GOVERNMENT SCHOOL,CO-ED SCHOOL,SINGLE SESSION,PRIMARY,No,No,No,No,CHINESE,MALAY,TAMIL
JURONG WEST PRIMARY SCHOOL,http://www.jurongwestpri.moe.edu.sg,30 JURONG WEST ST 61   ,648368,67933419,na,67936593,na,jwps@moe.edu.sg,Pioneer MRT Station,192,MRS CHRISTINA LIM LAY LENG,MADAM SIM EE KOON PATRICIA,MR NG WEI PING,MR LIM CHIN GUAN,na,na,na,JURONG WEST,WEST,GOVERNMENT SCHOOL,CO-ED SCHOOL,SINGLE SESSION,PRIMARY,No,No,No,No,CHINESE,MALAY,TAMIL
KEMING PRIMARY SCHOOL,http://www.kemingpri.moe.edu.sg,90 BUKIT BATOK EAST AVENUE 6   ,659762,68962054,na,65632356,na,kmps@moe.edu.sg,Bukit Batok,"61, 66, 77, 106, 157, 174, 178, 963",MR CHEN BING HONG,MISS NG MEI YUN,MR TAY KHYE PING (ZHENG KAIBIN),na,na,na,na,BUKIT BATOK,WEST,GOVERNMENT SCHOOL,CO-ED SCHOOL,SINGLE SESSION,PRIMARY,No,No,No,No,CHINESE,MALAY,TAMIL
KHENG CHENG SCHOOL,http://www.khengcheng.moe.edu.sg/,15 LORONG 3 TOA PAYOH   ,319580,62552502,na,62556569,na,kcs@moe.edu.sg,Braddell,"SBS 235, 56, 73, 88, 157, 159, 163, 231",MADAM TAN HUILING CHERYL,MR KHOO GHEE HAN,MR SHEN PINHONG,MR PUN KIAN PENG,na,na,na,TOA PAYOH,SOUTH,GOVERNMENT-AIDED SCH,CO-ED SCHOOL,SINGLE SESSION,PRIMARY,No,No,No,No,CHINESE,MALAY,TAMIL
KONG HWA SCHOOL,http://www.konghwa.moe.edu.sg,350 GUILLEMARD ROAD   ,399772,63421195,na,63421120,na,konghwa_sch@moe.edu.sg,Dakota,"Service 7, 70, 70M, 197(to Guillemard Road)",MR POON SIOW LENG RAYMOND,MADAM UE TAY SZE YIN,MADAM TEO SIEW KHIM,MADAM NG BEE HOON,na,na,na,GEYLANG,EAST,GOVERNMENT-AIDED SCH,CO-ED SCHOOL,SINGLE SESSION,PRIMARY,Yes,No,No,No,CHINESE,na,na
KRANJI PRIMARY SCHOOL,http://kranjipri.moe.edu.sg,11 CHOA CHU KANG STREET 54   ,689189,67634812,na,67634568,na,kranji_ps@moe.edu.sg,Yew Tee MRT,"Bus No 307, 302",MADAM WONG HIAN HWEE CONSTANCE,MADAM WONG SEOW LING,MADAM LEE LENG HUI (LI LINGHUI),na,na,na,na,CHOA CHU KANG,WEST,GOVERNMENT SCHOOL,CO-ED SCHOOL,SINGLE SESSION,PRIMARY,No,No,No,No,CHINESE,MALAY,TAMIL
KUO CHUAN PRESBYTERIAN PRIMARY SCHOOL,http://www.kuochuanpresbyterianpri.moe.edu.sg,8 BISHAN STREET 13   ,579793,62595396,na,62588012,na,kcpps@moe.edu.sg,Bishan MRT Station,"54, 56, 410, 410G",MADAM YEE-TOH GEK KHIAW,MISS LIN HUIXIN SHARON,MR TAN CHIN HENG,MISS ESTHER ONG CHIN CHIN,na,na,na,BISHAN,SOUTH,GOVERNMENT-AIDED SCH,CO-ED SCHOOL,SINGLE SESSION,PRIMARY,No,No,No,No,CHINESE,MALAY,TAMIL
LAKESIDE PRIMARY SCHOOL,http://www.lakesidepri.moe.edu.sg/,161 Corporation Walk   ,618310,62620918,na,62621021,na,lakeside_ps@moe.edu.sg,Lakeside MRT,"30, 49, 98, 98M",MADAM YAP SIU LIN,MISS HAN MINGFANG CHARMAIN,MS WU YASHI,MADAM CHUA LENG LENG (CAI LINGLING),na,na,na,JURONG WEST,WEST,GOVERNMENT SCHOOL,CO-ED SCHOOL,SINGLE SESSION,PRIMARY,No,No,No,No,CHINESE,MALAY,TAMIL
LIANHUA PRIMARY SCHOOL,http://www.lianhuapri.moe.edu.sg/,2 BUKIT BATOK STREET 52   ,659243,65639502,na,65639591,na,lianhua_ps@moe.edu.sg,Bukit Gombak/Bukit Batok,945,MISS KIEW HUI LI PAMELA,MADAM MAVIS SIEW SOOK LING,MADAM TAN WAN PHING JANICE,"MR LEE TZE WEI, JEFFREY",na,na,na,BUKIT BATOK,WEST,GOVERNMENT SCHOOL,CO-ED SCHOOL,SINGLE SESSION,PRIMARY,No,No,No,No,CHINESE,MALAY,TAMIL
MAHA BODHI SCHOOL,http://www.mahabodhi.moe.edu.sg/,10 UBI AVENUE 1   ,408931,67442115,na,67443752,na,mbs@moe.edu.sg,"Eunos Station (Transfer Bus No.63, 63M), Ubi Station (Transfer Bus No. 137)","5, 8, 15, 22, 25, 45, 51, 55, 59, 61, 63, 63M, 65, 66, 93, 94, 137, 854",MADAM TENG LAI KWAN,MR WEE HOCK MENG VICTOR,MR YE JIAMING AARON,MADAM LIM CHIU EE,na,na,na,GEYLANG,EAST,GOVERNMENT-AIDED SCH,CO-ED SCHOOL,SINGLE SESSION,PRIMARY,Yes,No,No,No,CHINESE,na,na
MARSILING PRIMARY SCHOOL,http://www.marsilingpri.moe.edu.sg,31 WOODLANDS CENTRE ROAD   ,738927,62696193,na,62699050,na,marsiling_ps@moe.edu.sg,Marsiling MRT Station,"856, 911, 912",MADAM HEATHER SIM SIAW CHENG,MR JACKSON KEK,na,na,na,na,na,WOODLANDS,NORTH,GOVERNMENT SCHOOL,CO-ED SCHOOL,SINGLE SESSION,PRIMARY,No,No,No,No,CHINESE,MALAY,TAMIL
MARYMOUNT CONVENT SCHOOL,http://www.marymountconvent.moe.edu.sg,20 Marymount Road   ,297754,6256 6701,6256 6532,6254 3080,na,mmcs@moe.edu.sg,"Braddell MRT Station or , Caldecott MRT Station","141, 235",MISS CHEONG HWEE KHIM,MRS MRS DEBBIE CHOW,MADAM TAN MEI MEI ANNA,"MS NG CHIOU HIEN, HELEN MRS HELEN TAN",MR LOH YEH CHANG HENRY,na,na,TOA PAYOH,SOUTH,GOVERNMENT-AIDED SCH,GIRLS' SCHOOL,SINGLE SESSION,PRIMARY,No,No,No,No,CHINESE,MALAY,TAMIL
MAYFLOWER PRIMARY SCHOOL,http://www.mayflowerpri.moe.edu.sg,200 Ang Mo Kio Avenue 5   ,569878,64520849,na,64534116,na,mayflower_ps@moe.edu.sg,Yio Chu Kang MRT Station.,"13, 86, 138, 162, 269, 851, 852, 853.",MISS CECILIA LIM SEOK CHENG,MADAM CHNG HWUI LIN WINEFREDE,MRS SANTHI D/O K RAMACHANDRAN,MR KWOK KENG LIAN,na,na,na,ANG MO KIO,SOUTH,GOVERNMENT SCHOOL,CO-ED SCHOOL,SINGLE SESSION,PRIMARY,No,No,No,No,CHINESE,MALAY,TAMIL
MEE TOH SCHOOL,http://www.meetoh.moe.edu.sg/,21 EDGEDALE PLAINS   ,828867,64893326,na,64893243,na,meetoh_sch@moe.edu.sg,Punggol Station,"3, 62, 83, 381",MR TAY HSIEN CHUAN KELVIN,MR LEE CHONG TART RONALD,MISS PER YEN LENG,MISS CHUA CHEW HIANG,na,na,na,PUNGGOL,NORTH,GOVERNMENT-AIDED SCH,CO-ED SCHOOL,SINGLE SESSION,PRIMARY,No,No,No,No,CHINESE,MALAY,TAMIL
MERIDIAN PRIMARY SCHOOL,http://www.meridianpri.moe.edu.sg/,20 PASIR RIS ST 71   ,518798,65832125,na,65834993,na,meridian_ps@moe.edu.sg,Pasir Ris MRT Station,"3, 359",MDM CHEW SIANG JIUN,MR LIM KIM MIN (LIN JINMIN),MR WANG TAI WEE,na,na,na,na,PASIR RIS,EAST,GOVERNMENT SCHOOL,CO-ED SCHOOL,SINGLE SESSION,PRIMARY,No,No,No,No,CHINESE,MALAY,TAMIL
METHODIST GIRLS' SCHOOL (PRIMARY),https://www.mgs.moe.edu.sg/,11 Blackmore Drive   ,599986,64694800,na,64624166,na,mgps@moe.edu.sg,King Albert Park MRT,"66, 67, 74, 77, 151, 154, 157, 170, 171, 174, 852, 961, 970",YOONG NYOK KE PAMELA,MR HO KOK SOON,MADAM LEE CHIAK LING,MR LEE KOK BOON,na,na,na,BUKIT TIMAH,WEST,GOVERNMENT-AIDED SCH,GIRLS' SCHOOL,SINGLE SESSION,PRIMARY,No,No,No,No,CHINESE,MALAY,TAMIL
MONTFORT JUNIOR SCHOOL,http://www.montfortjunior.moe.edu.sg/,52 HOUGANG AVENUE 8   ,538786,65101588,na,65101599,na,montfort_js@moe.edu.sg,Hougang MRT & Bus Interchange,"74, 88, 101, 147, 161",MR TAN BOON HONG VICTOR,MADAM POH LEE SIEW,MR TAN WEE BOON,na,na,na,na,HOUGANG,NORTH,GOVERNMENT-AIDED SCH,BOYS' SCHOOL,SINGLE SESSION,PRIMARY,No,No,No,No,CHINESE,MALAY,TAMIL
NAN CHIAU PRIMARY SCHOOL,http://www.ncps.moe.edu.sg,50 ANCHORVALE LINK   ,545080,64897905,na,64897906,na,ncps@moe.edu.sg,Sengkang Station,"156, 159, 161, 371, 372",MRS ONG LOH JIA MIIN,"MDM HOE QUEE HIANG, BELINDA",MR LOW HAN YI KENNY,MR WINSTON TAN WEE SING,na,na,na,SENG KANG,NORTH,GOVERNMENT-AIDED SCH,CO-ED SCHOOL,SINGLE SESSION,PRIMARY,No,No,No,No,CHINESE,MALAY,TAMIL
NAN HUA PRIMARY SCHOOL,http://www.nanhuapri.moe.edu.sg,30 Jalan Lempeng   ,128806,67788050,na,67784127,na,nhps@moe.edu.sg,Clementi MRT Station,"30, 51, 143, 175, 201, 533, 655, 727, 762",MADAM PHUA YIN LIN GRACE,MISS TEH LAY CHOO ANNE,"MR LIM PENG YUAN, ANDY",na,na,na,na,CLEMENTI,WEST,GOVERNMENT-AIDED SCH,CO-ED SCHOOL,SINGLE SESSION,PRIMARY,Yes,No,Yes,No,CHINESE,na,na
NANYANG PRIMARY SCHOOL,http://www.nyps.moe.edu.sg,52 KING'S ROAD   ,268097,64672677,na,64686913,na,nyps@moe.edu.sg,Farrer Rd MRT Station,"66, 67, 74, 93, 151, 153, 154, 156, 157, 165, 170, 171, 174, 186, 852, 855, 961",MADAM WONG LI PENG,MS LIM KAR WAE FIONA,MISS SHARLENE CHYE HUI TING,MR JAMES CHONG KOK CHIANG,na,na,na,BUKIT TIMAH,WEST,GOVERNMENT-AIDED SCH,CO-ED SCHOOL,SINGLE SESSION,PRIMARY,Yes,No,Yes,No,CHINESE,na,na
NAVAL BASE PRIMARY SCHOOL,http://www.navalbasepri.moe.edu.sg/,7 YISHUN AVE 4   ,769028,67537114,na,67555355,na,nbps@moe.edu.sg,Yishun MRT Station,Feeder bus No. 811 from Yishun Interchange.,MR CHIA CHEE WENG RICHARD CHRIS,MADAM LIM WAI CHOO MRS GOH WAI CHOO,MR RAJINDER SINGH S/O PIARA SINGH,MR PHUA YONG SWEE,na,na,na,YISHUN,NORTH,GOVERNMENT SCHOOL,CO-ED SCHOOL,SINGLE SESSION,PRIMARY,No,No,No,No,CHINESE,MALAY,TAMIL
NEW TOWN PRIMARY SCHOOL,http://www.newtownpri.moe.edu.sg/,300 Tanglin Halt Road   ,148812,64748805,na,64741249,na,ntps@moe.edu.sg,Commonwealth MRT Station,"SBS Numbers 32, 100, 105, 111, 145, 147, 195, 196, 198, 855",MISS HANNAH CHIA CUI'E,MRS CHIN WEY LING LYNNE,MRS TRINA POOK SIM NAR,MADAM FOO HUEY YING (FU HUIYING),na,na,na,QUEENSTOWN,SOUTH,GOVERNMENT SCHOOL,CO-ED SCHOOL,SINGLE SESSION,PRIMARY,No,No,No,No,CHINESE,MALAY,TAMIL
NGEE ANN PRIMARY SCHOOL,http://www.ngeeannpri.moe.edu.sg,344 MARINE TERRACE   ,449149,64418677,na,64417411,na,naps@moe.edu.sg,Nil,"13, 16, 16M, 31, 36, 43, 47, 48, 55, 135, 196, 196E, 197, 853M (at Marine Parade road), 13, 16, 16M, 196 and 196E(at Marine Terrace)",MADAM PANG SIU SAN,MADAM LEE LI LI,MADAM LOW LEE CHERN,MS RYNNE CHRISTINE CHUA LI LI,na,na,na,MARINE PARADE,EAST,GOVERNMENT-AIDED SCH,CO-ED SCHOOL,SINGLE SESSION,PRIMARY,No,No,No,No,CHINESE,MALAY,TAMIL
NORTH SPRING PRIMARY SCHOOL,http://www.northspringpri.moe.edu.sg,1 RIVERVALE STREET   ,545088,68816887,63888764,63851044,na,nsps@moe.edu.sg,"NEL - Sengkang Station, LRT - Bakau Station","SBS Transit Services 82, 85, 86, 88, 119, 136, 163, 372",MADAM PHAN SWEE LIN SHERIN JACINTA,MADAM SALIEMA BINTE MOHAMED IQBAL,MADAM LIM SHEUE TYUG,MISS JESSICA YAT,na,na,na,SENG KANG,NORTH,GOVERNMENT SCHOOL,CO-ED SCHOOL,SINGLE SESSION,PRIMARY,No,No,No,No,CHINESE,MALAY,TAMIL
NORTH VIEW PRIMARY SCHOOL,http://www.northviewpri.moe.edu.sg,210 YISHUN AVENUE 6   ,768960,67593235,na,67593237,na,nvps@moe.edu.sg,"Yishun, Khatib","Feeder Service 804, 806, 807, 860",MRS GRACE CHUA,MADAM LING SOOK LENG,MRS NUR FATIMAH BTE ABDUL MALIK MRS NUR FATIMAH FRAUDER,MR CHAN SOON HUA,na,na,na,YISHUN,NORTH,GOVERNMENT SCHOOL,CO-ED SCHOOL,SINGLE SESSION,PRIMARY,No,No,No,No,CHINESE,MALAY,TAMIL
NORTH VISTA PRIMARY SCHOOL,http://www.northvistapri.moe.edu.sg,20 Compassvale Link   ,544974,64843566,na,64843568,na,nvtps@moe.edu.sg,"Buangkok MRT (NE15), Ranggung LRT (SE5)",na,Ong Lye Whatt,MISS GOH AI LING,MR MOHD AZUAN TAN,MADAM KANG SIEW LENG AUDREY,na,na,na,SENG KANG,NORTH,GOVERNMENT SCHOOL,CO-ED SCHOOL,SINGLE SESSION,PRIMARY,No,No,No,No,CHINESE,MALAY,TAMIL
NORTHLAND PRIMARY SCHOOL,http://www.northlandpri.moe.edu.sg,15 YISHUN AVENUE 4   ,769026,67598884,na,67559196,na,northland_ps@moe.edu.sg,Yishun MRT Station,812 (next to bus service number 171) at Yishun Interchange,MR JAY WESTLY MAHARDALE,MR CHONG CHOONG HIAN,MISS LEE QUEE CHOO GINA,na,na,na,na,YISHUN,NORTH,GOVERNMENT SCHOOL,CO-ED SCHOOL,SINGLE SESSION,PRIMARY,No,No,No,No,CHINESE,MALAY,TAMIL
NORTHOAKS PRIMARY SCHOOL,http://www.northoakspri.moe.edu.sg,61 Sembawang Drive   ,757622,6753 8835,na,6753 8864,na,northoaks_ps@moe.edu.sg,Sembawang MRT,Bus number 962,"MR CHER TECK YIANG, LUKE MELVIN",MADAM KOMATHI D/O GOVINDASAMY,MR OW EU GENE JOHN,MADAM NEO BEE BEE,na,na,na,SEMBAWANG,NORTH,GOVERNMENT SCHOOL,CO-ED SCHOOL,SINGLE SESSION,PRIMARY,No,No,No,No,CHINESE,MALAY,TAMIL
NORTHSHORE PRIMARY SCHOOL,https://northshorepri.moe.edu.sg/,30 Northshore Drive   ,828671,62026490,na,62026491,na,northshore_ps@moe.edu.sg,Puggol Point LRT Station,"84, 384",MADAM LEE YEN PING CHRISTINE,MADAM GAN SER MIN,MADAM ONG YIN PENG,na,na,na,na,PUNGGOL,EAST,GOVERNMENT SCHOOL,CO-ED SCHOOL,SINGLE SESSION,PRIMARY,No,No,No,No,CHINESE,MALAY,TAMIL
OASIS PRIMARY SCHOOL,http://www.oasispri.moe.edu.sg/,71 Edgefield Plains   ,828716,6320 9855,na,6320 9856,na,oasis_ps@moe.edu.sg,Damai LRT Station,"50, 386",MR POH LEONG KIAT DANNY,MADAM HO JUN- LYNN,MR MOHAMED IMRAN B MOHAMED IHSAN,MISS CHUA MAY CHING,na,na,na,PUNGGOL,EAST,GOVERNMENT SCHOOL,CO-ED SCHOOL,SINGLE SESSION,PRIMARY,No,No,No,No,CHINESE,MALAY,TAMIL
OPERA ESTATE PRIMARY SCHOOL,http://www.operaestatepri.moe.edu.sg,48 FIDELIO STREET   ,458436,62410417,na,64493042,na,oeps@moe.edu.sg,"Bedok, Kembangan",42,MADAM HOO WAI LING,MR RAYMOND TAY KOON MING,MR GOH LENG SENG,na,na,na,na,BEDOK,EAST,GOVERNMENT SCHOOL,CO-ED SCHOOL,SINGLE SESSION,PRIMARY,No,No,No,No,CHINESE,MALAY,TAMIL
PALM VIEW PRIMARY SCHOOL,http://www.palmviewpri.moe.edu.sg,150 Compassvale Bow   ,544822,65087300,na,68754150,na,palmview_ps@moe.edu.sg,Buangkok,"27, 43, 109, 156, 159, 161, 163, 163M, 550",MRS MING KUM,MR ANG WEI TECK,MISS KHAIRIAH BTE HAIROMAN,MADAM ELAINE MOK MEW KUEN,na,na,na,SENG KANG,NORTH,GOVERNMENT SCHOOL,CO-ED SCHOOL,SINGLE SESSION,PRIMARY,No,No,No,No,CHINESE,MALAY,TAMIL
PARK VIEW PRIMARY SCHOOL,http://www.parkviewpri.moe.edu.sg,60 PASIR RIS DRIVE 1   ,519524,65851421,na,65851401,na,pvps@moe.edu.sg,Pasir Ris MRT Station,"358, 39, 53, 81, 89",MISS LIE SUYIN JAMIE,MADAM HO FUI FONG,MADAM ONG SEOW PENG,na,na,na,na,PASIR RIS,EAST,GOVERNMENT SCHOOL,CO-ED SCHOOL,SINGLE SESSION,PRIMARY,No,No,No,No,CHINESE,MALAY,TAMIL
PASIR RIS PRIMARY SCHOOL,http://www.pasirrispri.moe.edu.sg,5 PASIR RIS STREET 21   ,518968,65822606,na,65828492,na,prps@moe.edu.sg,Pasir Ris MRT,"3, 5, 6, 89",MS LIZA BTE RAHMAT,MADAM HENG WEI SHAN,MADAM THILAGAMANI D/O T SIVANANDAM,na,na,na,na,PASIR RIS,EAST,GOVERNMENT SCHOOL,CO-ED SCHOOL,SINGLE SESSION,PRIMARY,No,No,No,No,CHINESE,MALAY,TAMIL
PAYA LEBAR METHODIST GIRLS' SCHOOL (PRIMARY),http://www.payalebarmethodistgirlspri.moe.edu.sg/,298 LORONG AH SOO   ,536741,62862795,na,62803915,na,plmgps@moe.edu.sg,"Kovan (NE13), Serangoon(NE12/CC13)","45, 53, 53M, 62, 113",MRS MRS JOYCE ANG,MADAM TANG WAI YUE,MRS ESTHER SEE-LING SZENGEN,MR VINCENT HIANARDI TJONG,na,na,na,HOUGANG,EAST,GOVERNMENT-AIDED SCH,GIRLS' SCHOOL,SINGLE SESSION,PRIMARY,No,No,No,No,CHINESE,MALAY,TAMIL
PEI CHUN PUBLIC SCHOOL,http://www.peichunpublic.moe.edu.sg,16 LORONG 7 TOA PAYOH   ,319320,63539450,na,63538418,na,pcps@moe.edu.sg,Toa Payoh MRT Station and Braddell MRT Station,"Bus Service 232, 57, 230",MISS ONG LEE CHOO,MR LIM JIT HIN,MISS YANG JINGYU,MR REEVE SIM (SHEN GUANZE),na,na,na,TOA PAYOH,SOUTH,GOVERNMENT-AIDED SCH,CO-ED SCHOOL,SINGLE SESSION,PRIMARY,Yes,No,No,No,CHINESE,na,na
PEI HWA PRESBYTERIAN PRIMARY SCHOOL,http://www.peihwapresbyterianpri.moe.edu.sg/,7 PEI WAH AVENUE   ,597610,64663787,64663797,64621944,na,phpps@moe.edu.sg,Beauty World,"970, 852, 174, 173, 157, 77, 61",MRS ALLISON LIM,MADAM YONG MING WOEI CHLOE,MISS SARAH CHIA HUI'E,MRS CHONG HUI'EN,na,na,na,BUKIT TIMAH,WEST,GOVERNMENT-AIDED SCH,CO-ED SCHOOL,SINGLE SESSION,PRIMARY,Yes,No,No,No,CHINESE,na,na
PEI TONG PRIMARY SCHOOL,http://www.peitongpri.moe.edu.sg/,15 CLEMENTI AVENUE 5   ,129857,67775458,na,67789784,na,ptps@moe.edu.sg,Clementi,"7, 184, 282",MRS ONG-CHEW LU SEE,MR JASON WONG QI HUA,MR MOHAMED YAZEED BIN MOHAMED SAID,MR KOH SEE CHOON,na,na,na,CLEMENTI,WEST,GOVERNMENT SCHOOL,CO-ED SCHOOL,SINGLE SESSION,PRIMARY,No,No,No,No,CHINESE,MALAY,TAMIL
PEIYING PRIMARY SCHOOL,http://www.peiyingpri.moe.edu.sg,651 YISHUN RING ROAD   ,768687,62575684,na,67558802,na,peiying_ps@moe.edu.sg,Khatib,"851, 852, 853, 854, 855",MADAM WONG WEI YONG,MR ABDUL RANI BIN IDRIS,MDM TAN MENG HUI,na,na,na,na,YISHUN,NORTH,GOVERNMENT SCHOOL,CO-ED SCHOOL,SINGLE SESSION,PRIMARY,No,No,No,No,CHINESE,MALAY,TAMIL
PIONEER PRIMARY SCHOOL,http://www.pioneerpri.moe.edu.sg,80 TENGAH GARDEN AVENUE   ,699915,67932039,na,67932040,na,pioneer_ps@moe.edu.sg,Boon Lay Station,"219, 241",MADAM LOKE WAI LING,MR TAN HOCK CHYE CHARLES,MADAM WONG WEI YI,MR ANG KONG BENG ANDY,na,na,na,TENGAH,WEST,GOVERNMENT SCHOOL,CO-ED SCHOOL,SINGLE SESSION,PRIMARY,No,No,No,No,CHINESE,MALAY,TAMIL
POI CHING SCHOOL,http://www.poiching.moe.edu.sg,21 TAMPINES STREET 71   ,529067,67856420,na,67857198,na,contact@poiching.moe.edu.sg,Tampines MRT,"Bus 293, 72, 27 and 168",MADAM LIM TZYY SHIUAN,MISS CHAN JING JING,MRS TAN MEI LING IRENE MRS IRENE GOH HOCK NGUAN,"MR KOH YIH LUN, ALAN",na,na,na,TAMPINES,EAST,GOVERNMENT-AIDED SCH,CO-ED SCHOOL,SINGLE SESSION,PRIMARY,Yes,No,No,No,CHINESE,na,na
PRINCESS ELIZABETH PRIMARY SCHOOL,http://www.princesselizabethpri.moe.edu.sg,30 BUKIT BATOK WEST AVENUE 3   ,659163,65655111,na,65637859,na,peps@moe.edu.sg,Bukit Batok MRT Station,"Bus 174, 157, 178, 66, 941",MR BUCKTHA SEELAN,MADAM CHU SING EE,MRS LIM GEK NOI,MADAM SIM BEE LIAN (SHEN MEILIAN),na,na,na,BUKIT BATOK,WEST,GOVERNMENT SCHOOL,CO-ED SCHOOL,SINGLE SESSION,PRIMARY,No,No,No,No,CHINESE,MALAY,TAMIL
PUNGGOL COVE PRIMARY SCHOOL,https://punggolcovepri.moe.edu.sg/,52 Sumang Walk   ,828674,63857339,na,63857261,na,punggolcove_ps@moe.edu.sg,Nibong LRT Station,"382W, 84",MADAM SEAH WHYE CHOO,MR ANDREW CHONG WENYI,MS ENG JIAMEI,MISS CHNG SHI HUA,na,na,na,PUNGGOL,EAST,GOVERNMENT SCHOOL,CO-ED SCHOOL,SINGLE SESSION,PRIMARY,No,No,No,No,CHINESE,MALAY,TAMIL
PUNGGOL GREEN PRIMARY SCHOOL,http://www.punggolgreenpri.moe.edu.sg,98 Punggol Walk   ,828772,65383011,na,65383210,na,admin_punggolgreen_ps@moe.edu.sg,Punggol MRT Station,"117, 117M, 119, 381, 382G, 666",MADAM CHUA PEI PEI,MRS TAY CHAI HONG,MR JASBIR SINGH,MADAM CHRISTINA TEE SIEW PING,na,na,na,PUNGGOL,EAST,GOVERNMENT SCHOOL,CO-ED SCHOOL,SINGLE SESSION,PRIMARY,No,No,No,No,CHINESE,MALAY,TAMIL
PUNGGOL PRIMARY SCHOOL,http://www.punggolpri.moe.edu.sg/,61 HOUGANG AVENUE 8   ,538787,63850762,na,63877793,na,punggol_ps@moe.edu.sg,"Hougang, Buangkok","62, 74, 88, 113, 147, 325",MADAM KO-TAN LI LING,MR GOH CHANG CHUEN,MADAM LIM HUI MEOW ANNIE,MISS USHA RANI HENRY,na,na,na,HOUGANG,SOUTH,GOVERNMENT SCHOOL,CO-ED SCHOOL,SINGLE SESSION,PRIMARY,No,No,No,No,CHINESE,MALAY,TAMIL
PUNGGOL VIEW PRIMARY SCHOOL,http://www.punggolviewpri.moe.edu.sg,9 Punggol Place   ,828845,6570 1588,na,6570 3680,na,punggolview_ps@moe.edu.sg,Punggol MRT Station,"50, 382",MR WONG KIN MUN,MDM DE SOUZA SANDRA ANNE,MADAM SHARIFAH SAMIRAH BTE SYED MOHAMAD,MISS SHERRY OH SWEE LYN,na,na,na,PUNGGOL,EAST,GOVERNMENT SCHOOL,CO-ED SCHOOL,SINGLE SESSION,PRIMARY,No,No,No,No,CHINESE,MALAY,TAMIL
QIFA PRIMARY SCHOOL,http://www.qifapri.moe.edu.sg,50 WEST COAST AVENUE   ,128104,67783085,na,67761485,na,qifa_ps@moe.edu.sg,Clementi MRT Station,"30, 51, 78, 143, 285, 655",MADAM AMY TAN,MADAM CHOO SIEW HONG,MADAM NORAINI BTE MANSOOR,na,na,na,na,CLEMENTI,WEST,GOVERNMENT SCHOOL,CO-ED SCHOOL,SINGLE SESSION,PRIMARY,No,No,No,No,CHINESE,MALAY,TAMIL
QIHUA PRIMARY SCHOOL,http://www.qihuapri.moe.edu.sg,5 WOODLANDS STREET 81   ,738525,62696250,na,62693114,na,qihua_ps@moe.edu.sg,Woodlands MRT Station,"911, 900",MRS LEE HUI FENG,MR FOO CHUAN KAI,MISS NURUL SUHANA BINTE SULAIMAN,MISS ANUSHIA DEVI D/O BALACHANDRAN,na,na,na,WOODLANDS,NORTH,GOVERNMENT SCHOOL,CO-ED SCHOOL,SINGLE SESSION,PRIMARY,No,No,No,No,CHINESE,MALAY,TAMIL
QUEENSTOWN PRIMARY SCHOOL,http://www.queenstownpri.moe.edu.sg,310 MARGARET DR   ,149303,64741044,na,64713640,na,qtps@moe.edu.sg,Queenstown MRT,"32, 111, 145, 195",MADAM LIM PEI LIN OLIVIA MRS OLIVIA CHEONG,MISS CHEW MAY,MR CHUA THIAN KEONG,MR LOW KAY KIAT,na,na,na,QUEENSTOWN,SOUTH,GOVERNMENT SCHOOL,CO-ED SCHOOL,SINGLE SESSION,PRIMARY,No,No,No,No,CHINESE,MALAY,TAMIL
RADIN MAS PRIMARY SCHOOL,https://www.radinmaspri.moe.edu.sg/,1 BUKIT PURMEI AVENUE   ,99840,62733937,na,62763083,na,rmps@moe.edu.sg,"Tiong Bahru MRT, HarbourFront MRT","SBS 123, 123M, 131, 131M, SBS 65, 121, 195, 855",MADAM TAN SUN SUN,MADAM NG LI YI,"MISS TAN SZE YEN, GERALIN",MS GOH CHIU KENG,na,na,na,BUKIT MERAH,SOUTH,GOVERNMENT SCHOOL,CO-ED SCHOOL,SINGLE SESSION,PRIMARY,No,No,No,No,CHINESE,MALAY,TAMIL
RAFFLES GIRLS' PRIMARY SCHOOL,http://www.rafflesgirlspri.moe.edu.sg,21 Hillcrest Road   ,289072,64684377,na,64692024,na,rgps@moe.edu.sg,TAN KAH KEE MRT STATION,"66, 67, 74, 151, 154, 156, 157, 170, 171, 174, 852, 961",MADAM ELAINE QUEK-LIM HWEE BIN,MISS KONG SU MAY,MISS SUJATHA PARAMATHAYALAN,MR LOH YUH POR,na,na,na,BUKIT TIMAH,SOUTH,GOVERNMENT SCHOOL,GIRLS' SCHOOL,SINGLE SESSION,PRIMARY,No,No,Yes,No,CHINESE,MALAY,TAMIL
RED SWASTIKA SCHOOL,http://www.redswastika.moe.edu.sg,350 BEDOK NORTH AVENUE 3   ,469719,64430380,na,62448391,na,redswastika@moe.edu.sg,Bedok Reservoir MRT,"Bus 14, 17, 28, 46, 66, 67, 69, 222, 228",MR LIM MENG WEI,MS ANGELA GOH BEE LIAN,MADAM ESTHER E TZY KWEI,MR TAN MENG KHIANG,na,na,na,BEDOK,EAST,GOVERNMENT-AIDED SCH,CO-ED SCHOOL,SINGLE SESSION,PRIMARY,Yes,No,No,No,CHINESE,na,na
RIVER VALLEY PRIMARY SCHOOL,http://www.rivervalleypri.moe.edu.sg,2 RIVER VALLEY GREEN   ,237993,67371785,na,67321951,na,rvps@moe.edu.sg,Somerset MRT,"5, 16, 32, 54, 65, 75, 175, 970",MRS JENNIFER PANG CHEE CHYN,MRS LOH SOK HIANG JACQUELINE,MADAM NUR RASHIDAH BTE ABDUL RASHID,MISS LOH PECK JIN,na,na,na,CENTRAL,SOUTH,GOVERNMENT SCHOOL,CO-ED SCHOOL,SINGLE SESSION,PRIMARY,No,No,No,No,CHINESE,MALAY,TAMIL
RIVERSIDE PRIMARY SCHOOL,http://www.riversidepri.moe.edu.sg,110 Woodlands Crescent   ,737803,63654490,na,63654460,na,riverside_ps@moe.edu.sg,Admiralty MRT Station,Bus No 913 and Bus No 964,MR CHIA SEE CHEW ALBERT,MADAM KHOO PHAIK HOON REGINA,MRS RANUKA PALANIVELU,na,na,na,na,WOODLANDS,NORTH,GOVERNMENT SCHOOL,CO-ED SCHOOL,SINGLE SESSION,PRIMARY,No,No,No,No,CHINESE,MALAY,TAMIL
RIVERVALE PRIMARY SCHOOL,http://www.rivervalepri.moe.edu.sg/,80 RIVERVALE DRIVE   ,545092,63887450,na,63887449,na,rivervale_ps@moe.edu.sg,Nearest LRT Station : Rumbia,"Bus Service 86, 371.",MISS RADHA D/O G SUBRAMANIAM,MRS MARIA GOH,MISS WONG WAN LING,MR CHIA SENG CHIANG AARON,na,na,na,SENG KANG,NORTH,GOVERNMENT SCHOOL,CO-ED SCHOOL,SINGLE SESSION,PRIMARY,No,No,No,No,CHINESE,MALAY,TAMIL
ROSYTH SCHOOL,https://www.rosyth.moe.edu.sg,21 Serangoon North Avenue 4   ,555855,64812273,na,64831102,na,rosyth_sch@schools.gov.sg,"Ang Mo Kio, Serangoon","73, 315, 116",MR SURAJ NAIR S/O VENUGOPAL,MISS KWAN RUIYING KAREN,MADAM TAN LAY WAH,MR TAN BOON SENG,na,na,na,SERANGOON,NORTH,GOVERNMENT SCHOOL,CO-ED SCHOOL,SINGLE SESSION,PRIMARY,No,No,Yes,No,CHINESE,MALAY,TAMIL
RULANG PRIMARY SCHOOL,http://www.rulangpri.moe.edu.sg/,6 JURONG WEST STREET 52   ,649295,65657771,na,65632382,na,rulang_ps@moe.edu.sg,Lakeside,SBS 335,MADAM YEOW CHERN EE,MR TAN JIAN ZHONG ADRIAN,MR TOH JIN TIAN,MRS ANNABELLE WOO - TAY CAI FANG,"MR TAN KOK LENG, STEVEN",na,na,JURONG WEST,WEST,GOVERNMENT SCHOOL,CO-ED SCHOOL,SINGLE SESSION,PRIMARY,No,No,No,No,CHINESE,MALAY,TAMIL
SEMBAWANG PRIMARY SCHOOL,http://www.sembawangpri.moe.edu.sg,10 SEMBAWANG DRIVE   ,757715,67567330,na,67560367,na,sembawang_ps@moe.edu.sg,Sembawang MRT (6 to 8-minute walk),"656, 859, 859B, 962, 980",MR NG AIK BOON,MR SEE KOK KIONG,MISS TIFFANY CHONG,MR TAN THIAM SIONG,na,na,na,SEMBAWANG,NORTH,GOVERNMENT SCHOOL,CO-ED SCHOOL,SINGLE SESSION,PRIMARY,No,No,No,No,CHINESE,MALAY,TAMIL
SENG KANG PRIMARY SCHOOL,http://www.sengkangpri.moe.edu.sg/,21 COMPASSVALE WALK   ,545166,63840809,na,63840839,na,skps@moe.edu.sg,Sengkang MRT,"27, 80, 82, 83, 86, 87, 88, 89, 119, 156, 163, 371, 372 & 965",MRS LEE SIEW HONG,MR MOHAMED AZHAR BIN MOHAMED NOOR,MR ZHOU WENCONG,na,na,na,na,SENG KANG,NORTH,GOVERNMENT SCHOOL,CO-ED SCHOOL,SINGLE SESSION,PRIMARY,No,No,No,No,CHINESE,MALAY,TAMIL
SENGKANG GREEN PRIMARY SCHOOL,https://sengkanggreenpri.moe.edu.sg/,15 Fernvale Road   ,797636,63864255,na,62428796,na,sengkanggreen_ps@moe.edu.sg,Fernvale LRT (SW5) - (Sengkang West Loop),"Sengkang and Toa Payoh Interchange - no 163, Along Yio Chu Kang Road - no 70, 86, 103 and 854, Punggol Interchange to Bishan Interchange - no 50, Hougang Central Interchange - no 102",MR GAU POH TECK,MADAM ADILA ONG KIM LUAN,MR TAN KENG LIM JEREMY,MADAM GINNY CHUA GEOK HONG,na,na,na,SENG KANG,NORTH,GOVERNMENT SCHOOL,CO-ED SCHOOL,SINGLE SESSION,PRIMARY,No,No,No,No,CHINESE,MALAY,TAMIL
SHUQUN PRIMARY SCHOOL,http://www.shuqunpri.moe.edu.sg,8 JURONG WEST STREET 51   ,649332,65637129,na,65637418,na,sqps@moe.edu.sg,W11 Lakeside,"98, 187, 335",MRS SARA DE SOUZA,MDM SO KAH LAY,DR. CHOONG PEK LAN,MS TUNG AI JUI,na,na,na,JURONG WEST,WEST,GOVERNMENT SCHOOL,CO-ED SCHOOL,SINGLE SESSION,PRIMARY,No,No,No,No,CHINESE,MALAY,TAMIL
SI LING PRIMARY SCHOOL,http://www.silingpri.moe.edu.sg,61 WOODLANDS AVENUE 1   ,739067,62698832,na,63675516,na,slps@moe.edu.sg,Woodlands,912 from Woodlands Interchange,MR KOE EE TIONG,MR RAJ KUMAR S/O V SIVALINGAM,MISS LIM TZE TING,na,na,na,na,WOODLANDS,NORTH,GOVERNMENT SCHOOL,CO-ED SCHOOL,SINGLE SESSION,PRIMARY,No,No,No,No,CHINESE,MALAY,TAMIL
SINGAPORE CHINESE GIRLS' PRIMARY SCHOOL,www.scgs.moe.edu.sg,190 DUNEARN ROAD   ,309437,62527966,na,62523076,na,scgps@moe.edu.sg,Stevens,"66, 67, 105, 132, 151, 153, 154, 156, 170, 171, 186, 190, 605, 700, 960",MRS LINDA CHAN,MADAM LIM YING YING,MADAM PEH TAN WEE,MADAM SIA YAN SAN,na,na,na,NOVENA,SOUTH,GOVERNMENT-AIDED SCH,GIRLS' SCHOOL,SINGLE SESSION,PRIMARY,No,No,No,No,CHINESE,MALAY,TAMIL
SOUTH VIEW PRIMARY SCHOOL,http://www.southviewpri.moe.edu.sg,6 Choa Chu Kang Central   ,689762,67697176,na,67631091,na,svps@moe.edu.sg,Choa Chu Kang MRT Station,307 / South View LRT Station,MISS ANG MUI KHOONG,MISS GOH JIA LI,MR ONG HONG GHEE,MR RAMESH TIWARI S/O RAMADHAR TIWARI,na,na,na,CHOA CHU KANG,WEST,GOVERNMENT SCHOOL,CO-ED SCHOOL,SINGLE SESSION,PRIMARY,No,No,No,No,CHINESE,MALAY,TAMIL
SPRINGDALE PRIMARY SCHOOL,http://springdalepri.moe.edu.sg/,71 Anchorvale Link   ,544799,63157600,na,63153351,na,springdale_ps@moe.edu.sg,"Nearest MRT station: Sengkang (NE16), Nearest LRT station: Farmway (SW2)","Bus Service No.: 50, 85, 102, 372, Nearest Bus Stop (No. 67381): In front of Blk 326 Car Park, *1-2 min walk from bus stop; enter by Main Gate along Anchorvale Link or Rear Gate",MRS QUEK-SIM KIM LIANG ANNE,MR SHOEB BURHANUDDIN,MISS SONG XIUHUA SHAFIQAH NADIAH,MADAM LIM BEE TIN,na,na,na,SENG KANG,NORTH,GOVERNMENT SCHOOL,CO-ED SCHOOL,SINGLE SESSION,PRIMARY,No,No,No,No,CHINESE,MALAY,TAMIL
ST ANDREW'S SCHOOL (JUNIOR),http://www.saintandrewsjunior.moe.edu.sg,2 FRANCIS THOMAS DRIVE   ,359337,62884303,na,62895242,na,sasj@moe.edu.sg,"Potong Pasir, Toa Payoh","8, 13, 26, 31, 90, 90A, 107, 133, 142, 147, 853, NR6",MRS ELSIE POEY,MISS HEW YI QIAN CAROLINE,MRS STEPHANIE GOH,MR BOEY WENG YUE,na,na,na,TOA PAYOH,SOUTH,GOVERNMENT-AIDED SCH,BOYS' SCHOOL,SINGLE SESSION,PRIMARY,No,No,No,No,CHINESE,MALAY,TAMIL
ST. ANTHONY'S CANOSSIAN PRIMARY SCHOOL,http://www.stanthonyscanossianpri.moe.edu.sg,1602 BEDOK NORTH AVE 4   ,469701,64492239,na,64492146,na,sacps@moe.edu.sg,Bedok MRT,"17, 18",MRS SHARON CLARISSA FOO,MISS THIA HWEI LING SHARON,MISS LIM SHI'EN SHAWNA,na,na,na,na,BEDOK,EAST,GOVERNMENT-AIDED SCH,GIRLS' SCHOOL,SINGLE SESSION,PRIMARY,No,No,No,No,CHINESE,MALAY,TAMIL
ST. ANTHONY'S PRIMARY SCHOOL,http://www.stanthonyspri.moe.edu.sg,30 Bukit Batok St 32   ,659401,65690822,na,65690811,na,saps@moe.edu.sg,Bukit Gombak MRT Station,945,MADAM GOH LUNG ENG,MR TEE LENG TECK,MRS SOH PEIWEN,na,na,na,na,BUKIT BATOK,WEST,GOVERNMENT-AIDED SCH,CO-ED SCHOOL,SINGLE SESSION,PRIMARY,No,No,No,No,CHINESE,MALAY,TAMIL
ST. GABRIEL'S PRIMARY SCHOOL,http://www.stgabrielspri.moe.edu.sg,220 Lorong Chuan   ,556742,62803628,na,63820344,na,stgps@moe.edu.sg,Lor Chuan MRT Station (Circle Line),"73, 105, 159",MR MARTIN TAN SIEW KIN,MADAM CHUA WANG LING IRENE,MR LIM CHONG ENG,na,na,na,na,SERANGOON,SOUTH,GOVERNMENT-AIDED SCH,BOYS' SCHOOL,SINGLE SESSION,PRIMARY,No,No,No,No,CHINESE,MALAY,TAMIL
ST. HILDA'S PRIMARY SCHOOL,http://www.shps.moe.edu.sg,2 Tampines Ave 3   ,529706,67811916,na,67830527,na,shps@moe.edu.sg,"Tampines West, Tampines Central",Feeder Bus service: 293 from Tampines Interchange (towards St 71),MADAM LAW LI MEI,MADAM LOW AI LING,MADAM NG YIN SZE JOSEPHINE,MADAM POH LYE IMM,na,na,na,TAMPINES,EAST,GOVERNMENT-AIDED SCH,CO-ED SCHOOL,SINGLE SESSION,PRIMARY,No,No,Yes,No,CHINESE,MALAY,TAMIL
ST. JOSEPH'S INSTITUTION JUNIOR,https://sjijunior.moe.edu.sg,3 ESSEX ROAD   ,309331,62552700,na,62557455,na,sjijunior@moe.edu.sg,Novena,21;54;56;57;124;131;141;166;518;851;980,MR LEONG YEW HON ERIC,"MISS YAK HIOK WOON, FAITH (YE YUYUN)",MISS SNG WAN XIAN,MR LIM YEW TEE COLLIN,na,na,na,NOVENA,SOUTH,GOVERNMENT-AIDED SCH,BOYS' SCHOOL,SINGLE SESSION,PRIMARY,No,No,No,No,CHINESE,MALAY,TAMIL
ST. MARGARET'S SCHOOL (PRIMARY),http://www.stmargaretspri.moe.edu.sg,136 Sophia Road   ,228197,63394247,na,63394264,na,stmargaretps@moe.edu.sg,"Little India MRT Station (NE7/DT12), Dhoby Ghaut MRT Station (NS24/NE6/CC1)","64, 65, 131, 139, 147, 857, 166, (alight at the bus stop after Parklane Shopping Mall)",MRS NEO HUI EN CHERLYN,MDM WENDY SENG GEK CHENG,MISS YU XIN STELLA,MISS TAN CHER LANG,na,na,na,CENTRAL,SOUTH,GOVERNMENT-AIDED SCH,GIRLS' SCHOOL,SINGLE SESSION,PRIMARY,No,No,No,No,CHINESE,MALAY,TAMIL
ST. STEPHEN'S SCHOOL,http://www.ststephens.moe.edu.sg,20 SIGLAP VIEW   ,455789,62419513,64441645,64422576,na,ststephensch@moe.edu.sg,Kembangan MRT Station,"2, 7, 24, 25, 26, 28, 30, 32, 33, 67, 854",MR GOH HENG LIANG TIMOTHY,MR EDWIN HENG TOW YANG,MR CHEW SOO KWANG,na,na,na,na,BEDOK,EAST,GOVERNMENT-AIDED SCH,BOYS' SCHOOL,SINGLE SESSION,PRIMARY,No,No,No,No,CHINESE,MALAY,TAMIL
TAMPINES NORTH PRIMARY SCHOOL,http://www.tampinesnorthpri.moe.edu.sg,30 TAMPINES AVENUE 9   ,529565,67854329,na,67863117,na,tnps@moe.edu.sg,Tampines MRT,"SBS Transit 28, 29, 293",MISS ONG PEI FEN JAMIE,MR MOHAMED YUSUFF MOHAMED ALLIE,MISS CHARMAINE TAY,MR LIM KIAN LOO,na,na,na,TAMPINES,EAST,GOVERNMENT SCHOOL,CO-ED SCHOOL,SINGLE SESSION,PRIMARY,No,No,No,No,CHINESE,MALAY,TAMIL
TAMPINES PRIMARY SCHOOL,http://www.tampinespri.moe.edu.sg,250 TAMPINES STREET 12   ,529426,67831190,na,67843521,na,tpps@moe.edu.sg,Tampines MRT,"8, 10, 17, 18, 27, 31, 65, 292, 293, or any bus going into Tampines Interchange",MR HANAFI B ASMORE,MADAM ARIKEN CHARMAINE CARRIE,MR HO WEE MIN  KELVIN,MR TIN CHEE KUANG EDMUND,na,na,na,TAMPINES,EAST,GOVERNMENT SCHOOL,CO-ED SCHOOL,SINGLE SESSION,PRIMARY,No,No,No,No,CHINESE,MALAY,TAMIL
TANJONG KATONG PRIMARY SCHOOL,http://www.tanjongkatongpri.moe.edu.sg/,10 Seraya Road   ,437259,63444728,na,63445370,na,tkps@moe.edu.sg,na,na,MS TAN SEOK KUAN,MADAM TOH LENG LENG,MISS SHIEH SIAO YAN CAROL,MRS VIJAYA GANESH,na,na,na,MARINE PARADE,EAST,GOVERNMENT SCHOOL,CO-ED SCHOOL,SINGLE SESSION,PRIMARY,No,No,No,No,CHINESE,MALAY,TAMIL
TAO NAN SCHOOL,http://www.taonan.moe.edu.sg,49 MARINE CRESCENT   ,449761,64428307,na,64435973,na,taonan_sch@moe.edu.sg,"Marine Parade, Marine Terrace","13, 16, 31, 36, 43, 48, 55, 134, 196, 197",MADAM POH QINYU,MR CHAN TUCK CHEONG,MADAM FOO MEI PING,MRS TEO CHAI HIAH,na,na,na,MARINE PARADE,EAST,GOVERNMENT-AIDED SCH,CO-ED SCHOOL,SINGLE SESSION,PRIMARY,Yes,No,Yes,No,CHINESE,na,na
TECK GHEE PRIMARY SCHOOL,http://www.teckgheepri.moe.edu.sg,1 ANG MO KIO STREET 32   ,569299,64548769,na,64589886,na,tgps@moe.edu.sg,Ang Mo Kio & Bishan,"22, 24, 135, 853, 162, 262, 159",MISS REZIA RAHUMATHULLAH,MADAM CHOH THIAN JENG CELIA,MR TAN CHUAN YANG,na,na,na,na,ANG MO KIO,SOUTH,GOVERNMENT SCHOOL,CO-ED SCHOOL,SINGLE SESSION,PRIMARY,No,No,No,No,CHINESE,MALAY,TAMIL
TECK WHYE PRIMARY SCHOOL,http://www.teckwhyepri.moe.edu.sg,11 TECK WHYE WALK   ,688261,67691025,na,67635191,na,twps@moe.edu.sg,Choa Chu Kang MRT & LRT,"975, 190 & 985",MADAM WONG SU MAY,MR SATHYA PRASAD S/O G,MR MURALIDHARAN S/O NARAYANAN,na,na,na,na,CHOA CHU KANG,WEST,GOVERNMENT SCHOOL,CO-ED SCHOOL,SINGLE SESSION,PRIMARY,No,No,No,No,CHINESE,MALAY,TAMIL
TELOK KURAU PRIMARY SCHOOL,http://www.telokkuraupri.moe.edu.sg,50 BEDOK RESERVOIR RD   ,479239,62441600,na,62442182,na,telokkuraups@moe.edu.sg,Kaki Bukit MRT (nearest),"8, 21, 60 & 65",MADAM GRACE HO LI JUN,MDM SHANTHI D/O VEERASWAMY,MADAM TAN KIM YAN,na,na,na,na,BEDOK,EAST,GOVERNMENT SCHOOL,CO-ED SCHOOL,SINGLE SESSION,PRIMARY,No,No,No,No,CHINESE,MALAY,TAMIL
TEMASEK PRIMARY SCHOOL,http://www.temasekpri.moe.edu.sg,501 BEDOK SOUTH AVE 3   ,469300,64438134,na,64495871,na,temasek_ps@moe.edu.sg,Tanah Merah MRT,"25, 46, 48, 229",MADAM ANG GEK LENG ALISON AMANDA,MADAM HASLINDAH BTE BAHROM,MADAM CHONG HUI MIN CHARIS,MADAM LENG BING LING (LIANG BINGLING),na,na,na,BEDOK,EAST,GOVERNMENT SCHOOL,CO-ED SCHOOL,SINGLE SESSION,PRIMARY,No,No,No,No,CHINESE,MALAY,TAMIL
TOWNSVILLE PRIMARY SCHOOL,http://www.townsvillepri.moe.edu.sg/,3 ANG MO KIO AVE 10   ,569730,64574345,na,64570141,na,townsvilleps@moe.edu.sg,"Bishan MRT, Ang Mo Kio MRT Stations","45, 50, 55, 261, 548, 22, 24, 128, 135, 159, 162, 162M, 262, 853",MR EDDIE FOO CHIT CHEONG,MR HO SENG TAT SUNNY,MADAM LYNETTE FERNANDEZ,MR MARTIN VELAN ANTHONY,na,na,na,ANG MO KIO,SOUTH,GOVERNMENT SCHOOL,CO-ED SCHOOL,SINGLE SESSION,PRIMARY,No,No,No,No,CHINESE,MALAY,TAMIL
UNITY PRIMARY SCHOOL,http://www.unitypri.moe.edu.sg,21 CHOA CHU KANG CRESCENT   ,688268,67676750,na,67676751,na,unity_ps@moe.edu.sg,Yew Tee MRT,TIBs 302,MADAM TAN SIEW KHIAN FINELLA,MR SYAMSUL ANWAR BIN AWANG,MRS JASMINE TAN RODRIGO,na,na,na,na,CHOA CHU KANG,WEST,GOVERNMENT SCHOOL,CO-ED SCHOOL,SINGLE SESSION,PRIMARY,No,No,No,No,CHINESE,MALAY,TAMIL
VALOUR PRIMARY SCHOOL,valourpri.moe.edu.sg,49 Punggol Central   ,828728,62426390,na,na,na,valour_ps@moe.edu.sg,na,na,MRS CHARIS WONG,MADAM TAN PIN PIN,MR LEE WEI TE,MR CHONG WEE MING,na,na,na,PUNGGOL,EAST,GOVERNMENT SCHOOL,CO-ED SCHOOL,SINGLE SESSION,PRIMARY,No,No,No,No,CHINESE,MALAY,TAMIL
WATERWAY PRIMARY SCHOOL,https://waterwaypri.moe.edu.sg,70 Punggol Drive   ,828802,6636 6880,na,6315 3451,na,waterway_ps@moe.edu.sg,Kadaloor LRT Station,"50, 381",MR WONG KENG YUIN WILBUR,MADAM CHUA KIM LAN JUDY,MADAM SHARIFAH MASTURAH BTE S OSMAN,MADAM TAN GEK SIM MAGELLA,na,na,na,PUNGGOL,EAST,GOVERNMENT SCHOOL,CO-ED SCHOOL,SINGLE SESSION,PRIMARY,No,No,No,No,CHINESE,MALAY,TAMIL
WELLINGTON PRIMARY SCHOOL,http://www.wellingtonpri.moe.edu.sg,10 WELLINGTON CIRCLE   ,757702,67533319,na,67533765,na,wellingtonps@moe.edu.sg,Sembawang MRT,"980, 856, 859",MS NG HUI MIN,MADAM HOONG WHEE SIEN,MADAM SHAHRULHANA BTE MOHAMED,MR NG WEE MING DENNIS,na,na,na,SEMBAWANG,NORTH,GOVERNMENT SCHOOL,CO-ED SCHOOL,SINGLE SESSION,PRIMARY,No,No,No,No,CHINESE,MALAY,TAMIL
WEST GROVE PRIMARY SCHOOL,http://www.westgrovepri.moe.edu.sg/,1 JURONG WEST ST 72   ,649223,62679234,na,62679235,na,wgps@moe.edu.sg,Boon Lay MRT,"Bus 99, 242",MISS MABEL GOH,MADAM GOH XUEMIN CHERMAINE,MRS CHARMAINE LEE,"MADAM TAY SOOK HIAN, AUDREY",na,na,na,JURONG WEST,WEST,GOVERNMENT SCHOOL,CO-ED SCHOOL,SINGLE SESSION,PRIMARY,No,No,No,No,CHINESE,MALAY,TAMIL
WEST SPRING PRIMARY SCHOOL,http://www.westspringpri.moe.edu.sg,60 Bukit Panjang Ring Road   ,679946,63144192,na,na,63140648,westspring_ps@moe.edu.sg,Jelapang LRT,"920, 922",MR WILLY TAN,MR WILLY TAN NGUAN PENG,MADAM KUM LAI MENG,MR SIM KOOI SUEN,MR CHIN HONG FAI HUMPHREY,na,na,BUKIT PANJANG,WEST,GOVERNMENT SCHOOL,CO-ED SCHOOL,SINGLE SESSION,PRIMARY,No,No,No,No,CHINESE,MALAY,TAMIL
WEST VIEW PRIMARY SCHOOL,http://www.westviewpri.moe.edu.sg,31 SENJA ROAD   ,677742,67600178,na,67600147,na,wvps@moe.edu.sg,"Bukit Panjang MRT, SENJA LRT (A13)","170, 171, 176, 178, 180, 000, 000, 000, 000, 000",MR LEE FOOK LOONG EUGENE,MADAM SITI SUHAILA BTE SAPIHE,MADAM ONG POH CHOO DORIS,na,na,na,na,BUKIT PANJANG,WEST,GOVERNMENT SCHOOL,CO-ED SCHOOL,SINGLE SESSION,PRIMARY,No,No,No,No,CHINESE,MALAY,TAMIL
WESTWOOD PRIMARY SCHOOL,http://www.westwoodpri.moe.edu.sg,1 Jurong West Street 73   ,649188,64121690,na,67945084,na,westwood_ps@moe.edu.sg,Boon Lay MRT Station,"181, 502 & 243",MR MAH SENG THONG ANDREW,MR CHEE CHIT YENG,MR LOW MIN CHYE,MISS CHONG HUAY LENG,na,na,na,JURONG WEST,WEST,GOVERNMENT SCHOOL,CO-ED SCHOOL,SINGLE SESSION,PRIMARY,No,No,No,No,CHINESE,MALAY,TAMIL
WHITE SANDS PRIMARY SCHOOL,http://www.whitesandspri.moe.edu.sg,2 PASIR RIS ST 11   ,519075,69229100,na,65815013,na,wsps@moe.edu.sg,Pasir Ris MRT Station,"12, 17, 21, 39, 53, 81, 518, 109",MADAM WONG LIN LIN AUDREY,MS REZINA KHAN D/O ABDUL RAHIM,MISS TIONG LINA,na,na,na,na,PASIR RIS,EAST,GOVERNMENT SCHOOL,CO-ED SCHOOL,SINGLE SESSION,PRIMARY,No,No,No,No,CHINESE,MALAY,TAMIL
WOODGROVE PRIMARY SCHOOL,http://www.woodgrovepri.moe.edu.sg/,2 WOODLANDS DRIVE 14   ,738079,68943371,na,68943372,na,woodgrove_ps@moe.edu.sg,Woodlands MRT Station,901,MS ADELINE TAN WEE KIAW,MR PHANG TECK HOW,MR SIM YONG MING,na,na,na,na,WOODLANDS,NORTH,GOVERNMENT SCHOOL,CO-ED SCHOOL,SINGLE SESSION,PRIMARY,No,No,No,No,CHINESE,MALAY,TAMIL
WOODLANDS PRIMARY SCHOOL,http://www.woodlandspri.moe.edu.sg,10 WOODLANDS DRIVE 50   ,738853,62697410,na,63671165,na,wdp@moe.edu.sg,Woodlands,912 & 912E,MISS KUCK LI LIAN LILLIAN,MR RAZALI B SENIN,MISS SUSANNA CHAU,na,na,na,na,WOODLANDS,NORTH,GOVERNMENT SCHOOL,CO-ED SCHOOL,SINGLE SESSION,PRIMARY,No,No,No,No,CHINESE,MALAY,TAMIL
WOODLANDS RING PRIMARY SCHOOL,http://www.woodlandsringpri.moe.edu.sg,11 WOODLANDS RING ROAD   ,738240,63643679,na,63643490,na,wrps@moe.edu.sg,Admiralty MRT Station,912,MISS GEETHA D/O DORAISAMY,MR LIM KIM THYE,MR CHEW CHIN MING,na,na,na,na,WOODLANDS,NORTH,GOVERNMENT SCHOOL,CO-ED SCHOOL,SINGLE SESSION,PRIMARY,No,No,No,No,CHINESE,MALAY,TAMIL
XINGHUA PRIMARY SCHOOL,http://www.xinghuapri.moe.edu.sg,45 HOUGANG AVENUE 1   ,538882,62889121,na,62838831,na,xinghua_ps@moe.edu.sg,Kovan MRT Station,"Bus services 53, 62, 112, 113, 115",MR LEOW YEN MIN,MISS PHUA AI LEI,MS TAN BEE YIN,na,na,na,na,HOUGANG,SOUTH,GOVERNMENT SCHOOL,CO-ED SCHOOL,SINGLE SESSION,PRIMARY,No,No,No,No,CHINESE,MALAY,TAMIL
XINGNAN PRIMARY SCHOOL,http://www.xingnanpri.moe.edu.sg,5 JURONG WEST STREET 91   ,649036,67913679,na,67921493,na,xingnan_ps@moe.edu.sg,Pioneer MRT Station,Bus 99 & 241,"MADAM CHAN SIN LI, CINDY",MDM ANG HWEE LOO,MADAM S ANITHA,MISS YONG HUA MOY,na,na,na,JURONG WEST,WEST,GOVERNMENT SCHOOL,CO-ED SCHOOL,SINGLE SESSION,PRIMARY,No,No,No,No,CHINESE,MALAY,TAMIL
XINMIN PRIMARY SCHOOL,https://xinminpri.moe.edu.sg/,9 HOUGANG AVENUE 8   ,538784,62835479,na,62880334,na,xinmin_ps@moe.edu.sg,Nil,"74, 147, 165, 112",MADAM TAN KAY LING,MRS AHKEELA JULIA BEE D/O HANIFAH,MR LIM BOON TECK,na,na,na,na,HOUGANG,NORTH,GOVERNMENT SCHOOL,CO-ED SCHOOL,SINGLE SESSION,PRIMARY,No,No,No,No,CHINESE,MALAY,TAMIL
XISHAN PRIMARY SCHOOL,https://www.xishanpri.moe.edu.sg/,8 YISHUN STREET 21   ,768611,67588837,na,67588361,na,xishan_ps@moe.edu.sg,"o   Alight at Yishun MRT Station, o   Take Exit C, o   Walk towards Yishun Street 21","Along Yishun Ave 2, take Bus Service 117, 169, 804, 812, 965. Alight at Blk 220. Along Yishun Ring Road, take Bus Service 1N, 800, 804, NR1. Alight at Blk 227 or 236.","MADAM NGOH YING LI, JANE",MISS LATHA D/O SINASAMY,MISS YAP AI LI,MADAM LEE WEE LING (LI WEILIN),na,na,na,YISHUN,NORTH,GOVERNMENT SCHOOL,CO-ED SCHOOL,SINGLE SESSION,PRIMARY,No,No,No,No,CHINESE,MALAY,TAMIL
YANGZHENG PRIMARY SCHOOL,http://www.yangzhengpri.moe.edu.sg/,15 SERANGOON AVENUE 3   ,556108,62846298,na,62879778,na,yzps@moe.edu.sg,Serangoon Station,"58 & 105 (Outside the school, Serangoon Ave 3), 133 & 135(Serangoon Ave 2)",MRS LIM- FOO BOON CHING,MR ERIC LEE WEI TAT,MISS MICHELLE HUANG,MADAM TAN ENG ENG JENNY,na,na,na,SERANGOON,SOUTH,GOVERNMENT SCHOOL,CO-ED SCHOOL,SINGLE SESSION,PRIMARY,No,No,No,No,CHINESE,MALAY,TAMIL
YEW TEE PRIMARY SCHOOL,http://www.yewteepri.moe.edu.sg,10 CHOA CHU KANG ST 64   ,689100,67670027,na,67675450,na,ytps@moe.edu.sg,Yew Tee MRT Station,307,MADAM NUR SABARIAH BTE MOHD IBRAHIM,MR NG SIOK KWANG ANDREW,MADAM TOH GUAT HWA PAULINE,MADAM PHUA SIEW KHING,na,na,na,CHOA CHU KANG,WEST,GOVERNMENT SCHOOL,CO-ED SCHOOL,SINGLE SESSION,PRIMARY,No,No,No,No,CHINESE,MALAY,TAMIL
YIO CHU KANG PRIMARY SCHOOL,http://www.yiochukangpri.moe.edu.sg,1 HOUGANG STREET 51   ,538720,63851365,na,63855915,na,admin_yckps@moe.edu.sg,"Hougang MRT Station, Yio Chu Kang MRT Station","88, 101, 109, 159, 161 and 325",MS POH HWEE THING,MADAM RAMACHANDRA SUGUNA,MADAM SUAH JUN (CAI JUN),na,na,na,na,HOUGANG,NORTH,GOVERNMENT SCHOOL,CO-ED SCHOOL,SINGLE SESSION,PRIMARY,No,No,No,No,CHINESE,MALAY,TAMIL
YISHUN PRIMARY SCHOOL,http://www.yishunpri.moe.edu.sg,500 YISHUN RING ROAD   ,768679,62577461,na,67554198,na,yps@moe.edu.sg,Yishun,Translink Feeder Service 800 & 812,MR CHAN WENG YEW MARVIN,MADAM FARLINAH SUPAAH,"MISS WONG PEI LI, PAMELA",MR LEE HAN KEONG,na,na,na,YISHUN,NORTH,GOVERNMENT SCHOOL,CO-ED SCHOOL,SINGLE SESSION,PRIMARY,No,No,No,No,CHINESE,MALAY,TAMIL
YU NENG PRIMARY SCHOOL,http://www.ynps.moe.edu.sg/,56 BEDOK NORTH ST 3   ,469623,64490121,na,64498564,na,ynps@moe.edu.sg,"Bedok MRT Station (East-West Line), Bedok Reservoir MRT STation (Downtown line)","14, 17, 18, 28, 66, 67, 69, 225",MR NG YEOW LING,MR EDWIN ONG YOKE YAM,MR SATIISH SATHASILVAM,na,na,na,na,BEDOK,EAST,GOVERNMENT SCHOOL,CO-ED SCHOOL,SINGLE SESSION,PRIMARY,No,No,No,No,CHINESE,MALAY,TAMIL
YUHUA PRIMARY SCHOOL,http://www.yuhuapri.moe.edu.sg,158 JURONG EAST STREET 24   ,609558,65605062,na,65648278,na,yuhua_ps@moe.edu.sg,"Jurong East, Bukit Batok","98, 98A, 187, 333, 502, 507, NR5",MRS RUTH TAI MEI FEN,MADAM ZOEY LIM CHING SIA,MADAM TAN PEI JUAN CYNTHIA,na,na,na,na,JURONG EAST,WEST,GOVERNMENT SCHOOL,CO-ED SCHOOL,SINGLE SESSION,PRIMARY,No,No,No,No,CHINESE,MALAY,TAMIL
YUMIN PRIMARY SCHOOL,http://www.yuminpri.moe.edu.sg,3 TAMPINES STREET 21   ,529393,67811262,na,67845554,na,yumin_ps@moe.edu.sg,Tampines MRT Station,3,MRS NG- TEO SOCK HUA,MR ABDUL MUTALIB B MOHAMMED AMIN,MADAM TAN BETTY,na,na,na,na,TAMPINES,EAST,GOVERNMENT SCHOOL,CO-ED SCHOOL,SINGLE SESSION,PRIMARY,No,No,No,No,CHINESE,MALAY,TAMIL
ZHANGDE PRIMARY SCHOOL,http://www.zhangdepri.moe.edu.sg/,51 Jalan Membina   ,169485,62740357,na,62763042,na,zhangde_ps@moe.edu.sg,Tiong Bahru MRT Station,"16, 33, 63, 123, 195, 605, 851, 14, 65, 147, 167, 196, 197, 961",MR KYAW SAW LYNN,MRS LIM PEGGY,MR CHAN CHEONG CHEONG,MADAM WOO LI SAN,na,na,na,BUKIT MERAH,SOUTH,GOVERNMENT SCHOOL,CO-ED SCHOOL,SINGLE SESSION,PRIMARY,No,No,No,No,CHINESE,MALAY,TAMIL
ZHENGHUA PRIMARY SCHOOL,http://www.zhenghuapri.moe.edu.sg,9 Fajar Road   ,679002,67697478,na,67636459,na,zhenghua_ps@moe.edu.sg,LRT: Fajar Station,"190, 184, 187, 700, 700A, 921",MS MAY TAN MUI GEE,MADAM SNG YEE YEE,MR CHAN KIAN KEONG,MADAM HO YEE HIN WINNIE,na,na,na,BUKIT PANJANG,WEST,GOVERNMENT SCHOOL,CO-ED SCHOOL,SINGLE SESSION,PRIMARY,No,No,No,No,CHINESE,MALAY,TAMIL
ZHONGHUA PRIMARY SCHOOL,http://www.zhonghuapri.moe.edu.sg,12 SERANGOON AVENUE 4   ,556095,62835413,na,62823882,na,zhonghua_ps@moe.edu.sg,"Ang Mo Kio MRT, Bishan MRT, Serangoon MRT","Boundary Road: 22, 24, 53, 105, 156, 315, 853, 501, 502, Yio Chu Kang Road: 70, 76, 103, 147, 156, 501, 502",MRS CHAN LE CHIN,MADAM THAM SIEW LENG MRS TAN SIEW LENG,MISS AU YEE KUAN,na,na,na,na,SERANGOON,SOUTH,GOVERNMENT SCHOOL,CO-ED SCHOOL,SINGLE SESSION,PRIMARY,No,No,No,No,CHINESE,MALAY,TAMIL
